Sampler,Feature,F1,Delta_F1,AUC,Recall_1,Precision_1,MI_Score
BorderlineSMOTE,trip_ACC_PEG_div_Proline_PEG_x_Antioxidants_PEG,0.6443285528031291,0.0239780870354267,0.6859224564142596,0.7049180327868853,0.6231884057971014,0.08618279162725617
BorderlineSMOTE,trip_Proline_PEG_x_Phosphate_div_Polyamines,0.6365057650967364,0.016155299329034034,0.6804579755399428,0.6885245901639344,0.6176470588235294,0.07877627482077187
BorderlineSMOTE,trip_Proline_PEG_x_Phosphate_div_Silica,0.635936582501468,0.015586116733765643,0.6854020296643247,0.7049180327868853,0.6142857142857143,0.08676497861118326
BorderlineSMOTE,trip_ACC_PEG_div_Antioxidants_PEG_x_Potassium_PEG,0.635936582501468,0.015586116733765643,0.6856622430392922,0.7049180327868853,0.6142857142857143,0.09012303737721195
BorderlineSMOTE,trip_ACC_x_Manganese_div_Polyamines,0.6351748937561295,0.014824427988427091,0.6937288576632838,0.7213114754098361,0.6111111111111112,0.08138665726986383
BorderlineSMOTE,trip_Proline_x_Antioxidants_PEG_div_Phosphate,0.6286458333333333,0.008295367565630984,0.6791569086651054,0.6721311475409836,0.6119402985074627,0.09958380510410869
BorderlineSMOTE,trip_Biofilm_PEG_x_Antioxidants_div_Zinc,0.628161668839635,0.007811203071932615,0.6835805360395525,0.6885245901639344,0.6086956521739131,0.1627223914281788
BorderlineSMOTE,trip_Biofilm_PEG_x_Antioxidants_div_Manganese,0.628161668839635,0.007811203071932615,0.6835805360395525,0.6885245901639344,0.6086956521739131,0.12155481124850165
BorderlineSMOTE,trip_Biofilm_PEG_x_Antioxidants_div_Calcium,0.628161668839635,0.007811203071932615,0.6856622430392922,0.6885245901639344,0.6086956521739131,0.0914362850614272
BorderlineSMOTE,trip_Biofilm_PEG_x_ACC_PEG_div_Phosphate,0.628161668839635,0.007811203071932615,0.6841009627894874,0.6885245901639344,0.6086956521739131,0.09109951056668297
BorderlineSMOTE,trip_Biofilm_PEG_div_Trehalose_x_Antioxidants,0.628161668839635,0.007811203071932615,0.6843611761644548,0.6885245901639344,0.6086956521739131,0.08690293429349394
BorderlineSMOTE,trip_Biofilm_PEG_x_Trehalose_PEG_div_Phosphate,0.628161668839635,0.007811203071932615,0.6835805360395524,0.6885245901639344,0.6086956521739131,0.08096123144121226
BorderlineSMOTE,trip_Biofilm_PEG_div_Auxins_x_Phosphate,0.628161668839635,0.007811203071932615,0.6843611761644548,0.6885245901639344,0.6086956521739131,0.09691131419632382
BorderlineSMOTE,trip_Auxins_div_Trehalose_x_Phosphate,0.628161668839635,0.007811203071932615,0.6851418162893572,0.6885245901639344,0.6086956521739131,0.08104201982845205
BorderlineSMOTE,trip_Biofilm_x_Auxins_div_Phosphate,0.628161668839635,0.007811203071932615,0.6846213895394223,0.6885245901639344,0.6086956521739131,0.08806849552908913
BorderlineSMOTE,trip_Antioxidants_x_Calcium_div_Zinc,0.6274817136886102,0.007131247920907802,0.6937288576632838,0.7049180327868853,0.6056338028169014,0.08091583552888082
BorderlineSMOTE,trip_Glycine_Betaine_x_Manganese_div_Calcium,0.6274817136886102,0.007131247920907802,0.6804579755399428,0.7049180327868853,0.6056338028169014,0.11785726551466569
BorderlineSMOTE,trip_Biofilm_div_Auxins_x_Proline,0.6203504657677024,0.0,0.6788966952901379,0.6721311475409836,0.6029411764705882,0.15152306208368826
BorderlineSMOTE,trip_Auxins_PEG_x_Trehalose_div_Zinc,0.6203504657677024,0.0,0.6783762685402029,0.6721311475409836,0.6029411764705882,0.15069302294719744
BorderlineSMOTE,trip_Auxins_PEG_div_Glycine_Betaine_x_Manganese,0.6203504657677024,0.0,0.6783762685402029,0.6721311475409836,0.6029411764705882,0.13044809551536285
BorderlineSMOTE,trip_Auxins_PEG_x_Nitrogen_PEG_div_Glycine_Betaine,0.6203504657677024,0.0,0.6783762685402029,0.6721311475409836,0.6029411764705882,0.13030308582338934
BorderlineSMOTE,trip_Auxins_PEG_div_Trehalose_PEG_x_Calcium,0.6203504657677024,0.0,0.6783762685402029,0.6721311475409836,0.6029411764705882,0.13026390799720988
BorderlineSMOTE,trip_Auxins_PEG_div_Proline_PEG_x_Potassium,0.6203504657677024,0.0,0.6788966952901379,0.6721311475409836,0.6029411764705882,0.1300428845551238
BorderlineSMOTE,trip_Auxins_PEG_div_Manganese_x_Calcium,0.6203504657677024,0.0,0.6783762685402029,0.6721311475409836,0.6029411764705882,0.14293210980328208
BorderlineSMOTE,trip_Auxins_PEG_div_Glycine_Betaine_x_Calcium,0.6203504657677024,0.0,0.6783762685402029,0.6721311475409836,0.6029411764705882,0.12905223967341195
BorderlineSMOTE,trip_Auxins_PEG_div_Antioxidants_x_Calcium,0.6203504657677024,0.0,0.6783762685402029,0.6721311475409836,0.6029411764705882,0.12776634955207067
BorderlineSMOTE,trip_Auxins_PEG_div_Calcium_x_Polyamines,0.6203504657677024,0.0,0.6783762685402029,0.6721311475409836,0.6029411764705882,0.1459148565110615
BorderlineSMOTE,trip_Auxins_PEG_div_Calcium_x_Zinc,0.6203504657677024,0.0,0.6783762685402029,0.6721311475409836,0.6029411764705882,0.1466747157636299
BorderlineSMOTE,trip_Auxins_PEG_div_Polyamines_x_Zinc,0.6203504657677024,0.0,0.6783762685402029,0.6721311475409836,0.6029411764705882,0.1373334144974565
BorderlineSMOTE,trip_Auxins_x_ACC_div_Nitrogen_PEG,0.6203504657677024,0.0,0.6783762685402029,0.6721311475409836,0.6029411764705882,0.1364485868277614
BorderlineSMOTE,trip_Silica_div_Polyamines_x_Zinc,0.6203504657677024,0.0,0.6788966952901379,0.6721311475409836,0.6029411764705882,0.1353260198785815
BorderlineSMOTE,trip_Auxins_PEG_div_Manganese_x_Zinc,0.6203504657677024,0.0,0.6783762685402029,0.6721311475409836,0.6029411764705882,0.14613217621960506
BorderlineSMOTE,trip_Proline_div_Nitrogen_PEG_x_Potassium,0.6203504657677024,0.0,0.6788966952901379,0.6721311475409836,0.6029411764705882,0.13392471061436906
BorderlineSMOTE,trip_ACC_PEG_x_Antioxidants_div_Nitrogen_PEG,0.6203504657677024,0.0,0.6786364819151705,0.6721311475409836,0.6029411764705882,0.1321741314444349
BorderlineSMOTE,trip_Proline_PEG_x_Phosphate_div_Zinc,0.6203504657677024,0.0,0.6791569086651054,0.6721311475409836,0.6029411764705882,0.1317692272088853
BorderlineSMOTE,trip_Trehalose_PEG_div_Proline_PEG_x_Glycine_Betaine,0.6203504657677024,0.0,0.6788966952901379,0.6721311475409836,0.6029411764705882,0.12185525466445779
BorderlineSMOTE,trip_Auxins_PEG_div_Antioxidants_x_Zinc,0.6203504657677024,0.0,0.6783762685402029,0.6721311475409836,0.6029411764705882,0.12049233995951236
BorderlineSMOTE,trip_Auxins_PEG_div_Silica_x_Zinc,0.6203504657677024,0.0,0.6783762685402029,0.6721311475409836,0.6029411764705882,0.12030240975422735
BorderlineSMOTE,trip_Trehalose_PEG_x_Antioxidants_div_Phosphate,0.6203504657677024,0.0,0.6786364819151705,0.6721311475409836,0.6029411764705882,0.11979318801510441
BorderlineSMOTE,trip_Auxins_PEG_div_Glycine_Betaine_x_Zinc,0.6203504657677024,0.0,0.6783762685402029,0.6721311475409836,0.6029411764705882,0.1352344526854965
BorderlineSMOTE,trip_ACC_PEG_div_Manganese_x_Calcium,0.6203504657677024,0.0,0.6788966952901379,0.6721311475409836,0.6029411764705882,0.11939958520214722
BorderlineSMOTE,trip_Biofilm_div_Auxins_x_ACC_PEG,0.6203504657677024,0.0,0.6788966952901379,0.6721311475409836,0.6029411764705882,0.11889596695659299
BorderlineSMOTE,trip_Biofilm_PEG_x_Antioxidants_div_Nitrogen,0.6203504657677024,0.0,0.6786364819151705,0.6721311475409836,0.6029411764705882,0.11883183977553058
BorderlineSMOTE,trip_Trehalose_PEG_x_Antioxidants_div_Glycine_Betaine,0.6203504657677024,0.0,0.6788966952901379,0.6721311475409836,0.6029411764705882,0.11721239067624256
BorderlineSMOTE,trip_Auxins_div_Trehalose_PEG_x_Proline,0.6203504657677024,0.0,0.6783762685402029,0.6721311475409836,0.6029411764705882,0.1170039488703154
BorderlineSMOTE,trip_Auxins_PEG_div_Antioxidants_PEG_x_Zinc,0.6203504657677024,0.0,0.6783762685402029,0.6721311475409836,0.6029411764705882,0.11719022093158693
BorderlineSMOTE,trip_Auxins_x_Potassium_PEG_div_Manganese,0.6203504657677024,0.0,0.6788966952901379,0.6721311475409836,0.6029411764705882,0.1169587352814585
BorderlineSMOTE,trip_Auxins_PEG_div_Proline_x_Zinc,0.6203504657677024,0.0,0.6783762685402029,0.6721311475409836,0.6029411764705882,0.1162971623772382
BorderlineSMOTE,trip_Auxins_PEG_div_Phosphate_x_Zinc,0.6203504657677024,0.0,0.6783762685402029,0.6721311475409836,0.6029411764705882,0.11550292972816689
BorderlineSMOTE,trip_Auxins_div_ACC_x_ACC_PEG,0.6203504657677024,0.0,0.6788966952901379,0.6721311475409836,0.6029411764705882,0.11616997431124543
BorderlineSMOTE,trip_Auxins_PEG_div_Trehalose_PEG_x_Zinc,0.6203504657677024,0.0,0.6783762685402029,0.6721311475409836,0.6029411764705882,0.11611795090770394
BorderlineSMOTE,trip_Biofilm_PEG_x_Proline_div_Calcium,0.6203504657677024,0.0,0.6788966952901379,0.6721311475409836,0.6029411764705882,0.11571328577468609
BorderlineSMOTE,trip_ACC_PEG_div_Manganese_x_Zinc,0.6203504657677024,0.0,0.6788966952901379,0.6721311475409836,0.6029411764705882,0.11485500343982347
BorderlineSMOTE,trip_Trehalose_PEG_x_Proline_div_Potassium,0.6203504657677024,0.0,0.6788966952901379,0.6721311475409836,0.6029411764705882,0.11530259572209323
BorderlineSMOTE,trip_Auxins_PEG_div_Potassium_x_Zinc,0.6203504657677024,0.0,0.6783762685402029,0.6721311475409836,0.6029411764705882,0.11428103334497997
BorderlineSMOTE,trip_Auxins_x_Potassium_PEG_div_Zinc,0.6203504657677024,0.0,0.6788966952901379,0.6721311475409836,0.6029411764705882,0.11354842471389004
BorderlineSMOTE,trip_Auxins_PEG_div_ACC_PEG_x_Zinc,0.6203504657677024,0.0,0.6783762685402029,0.6721311475409836,0.6029411764705882,0.10938122884840151
BorderlineSMOTE,trip_Auxins_div_Antioxidants_x_Potassium_PEG,0.6203504657677024,0.0,0.6783762685402029,0.6721311475409836,0.6029411764705882,0.11311738174252395
BorderlineSMOTE,trip_Nitrogen_PEG_div_Potassium_x_Glycine_Betaine,0.6203504657677024,0.0,0.6788966952901379,0.6721311475409836,0.6029411764705882,0.12639662042498845
BorderlineSMOTE,trip_Auxins_PEG_div_Nitrogen_PEG_x_Calcium,0.6203504657677024,0.0,0.6783762685402029,0.6721311475409836,0.6029411764705882,0.12742367159435464
BorderlineSMOTE,trip_Auxins_x_Trehalose_PEG_div_Antioxidants,0.6203504657677024,0.0,0.6788966952901381,0.6721311475409836,0.6029411764705882,0.12356051953978908
BorderlineSMOTE,trip_Auxins_PEG_x_ACC_PEG_div_Proline,0.6203504657677024,0.0,0.6788966952901379,0.6721311475409836,0.6029411764705882,0.12319784787137711
BorderlineSMOTE,trip_Biofilm_div_ACC_x_Antioxidants_PEG,0.6203504657677024,0.0,0.6786364819151705,0.6721311475409836,0.6029411764705882,0.12254874010059003
BorderlineSMOTE,trip_Auxins_x_ACC_div_Glycine_Betaine,0.6203504657677024,0.0,0.6794171220400728,0.6721311475409836,0.6029411764705882,0.12603349788444662
BorderlineSMOTE,trip_Proline_PEG_div_Antioxidants_x_Potassium,0.6203504657677024,0.0,0.6794171220400729,0.6721311475409836,0.6029411764705882,0.12247238605720567
BorderlineSMOTE,trip_ACC_PEG_div_Phosphate_x_Calcium,0.6203504657677024,0.0,0.6788966952901379,0.6721311475409836,0.6029411764705882,0.12242679992290961
BorderlineSMOTE,trip_Auxins_PEG_div_ACC_x_Nitrogen_PEG,0.6203504657677024,0.0,0.6783762685402029,0.6721311475409836,0.6029411764705882,0.12222807391773238
BorderlineSMOTE,trip_Auxins_PEG_x_Trehalose_div_Potassium_PEG,0.6203504657677024,0.0,0.6783762685402029,0.6721311475409836,0.6029411764705882,0.16837821633803607
BorderlineSMOTE,trip_Proline_x_Proline_PEG_div_Calcium,0.6203504657677024,0.0,0.6788966952901379,0.6721311475409836,0.6029411764705882,0.15410149843228593
BorderlineSMOTE,trip_ACC_PEG_x_Silica_div_Zinc,0.6203504657677024,0.0,0.6788966952901379,0.6721311475409836,0.6029411764705882,0.15172823325660123
BorderlineSMOTE,trip_Biofilm_x_Auxins_PEG_div_Zinc,0.6203504657677024,0.0,0.6788966952901379,0.6721311475409836,0.6029411764705882,0.1572117315819057
BorderlineSMOTE,trip_Biofilm_x_Auxins_PEG_div_Manganese,0.6203504657677024,0.0,0.6788966952901379,0.6721311475409836,0.6029411764705882,0.15456562720773492
BorderlineSMOTE,trip_Biofilm_PEG_div_Potassium_x_Polyamines,0.6203504657677024,0.0,0.6788966952901379,0.6721311475409836,0.6029411764705882,0.08375012041961782
BorderlineSMOTE,trip_Biofilm_x_Auxins_PEG_div_Antioxidants_PEG,0.6203504657677024,0.0,0.6786364819151705,0.6721311475409836,0.6029411764705882,0.08382492240974226
BorderlineSMOTE,trip_Auxins_PEG_div_ACC_PEG_x_Calcium,0.6203504657677024,0.0,0.6783762685402029,0.6721311475409836,0.6029411764705882,0.10909536999399427
BorderlineSMOTE,trip_Auxins_PEG_div_Nitrogen_x_Calcium,0.6203504657677024,0.0,0.6783762685402029,0.6721311475409836,0.6029411764705882,0.10881115600010305
BorderlineSMOTE,trip_Auxins_PEG_div_Nitrogen_PEG_x_Zinc,0.6203504657677024,0.0,0.6783762685402029,0.6721311475409836,0.6029411764705882,0.10949137526428765
BorderlineSMOTE,trip_Auxins_PEG_div_Potassium_PEG_x_Zinc,0.6203504657677024,0.0,0.6783762685402029,0.6721311475409836,0.6029411764705882,0.10993515520877928
BorderlineSMOTE,trip_Auxins_PEG_div_ACC_x_Zinc,0.6203504657677024,0.0,0.6783762685402029,0.6721311475409836,0.6029411764705882,0.11005327185915403
BorderlineSMOTE,trip_Proline_PEG_x_Phosphate_div_Calcium,0.6203504657677024,0.0,0.6791569086651054,0.6721311475409836,0.6029411764705882,0.10891838853143399
BorderlineSMOTE,trip_Auxins_PEG_div_Nitrogen_x_Zinc,0.6203504657677024,0.0,0.6783762685402029,0.6721311475409836,0.6029411764705882,0.11011436667831331
BorderlineSMOTE,trip_Auxins_PEG_div_Silica_x_Manganese,0.6203504657677024,0.0,0.6783762685402029,0.6721311475409836,0.6029411764705882,0.11055600284101219
BorderlineSMOTE,trip_Biofilm_x_Trehalose_div_Calcium,0.6203504657677024,0.0,0.6788966952901379,0.6721311475409836,0.6029411764705882,0.11128229926228062
BorderlineSMOTE,trip_Auxins_PEG_x_Nitrogen_PEG_div_Calcium,0.6203504657677024,0.0,0.6783762685402029,0.6721311475409836,0.6029411764705882,0.11156792774406643
BorderlineSMOTE,trip_Auxins_PEG_div_Potassium_PEG_x_Calcium,0.6203504657677024,0.0,0.6783762685402029,0.6721311475409836,0.6029411764705882,0.11272905380438569
BorderlineSMOTE,trip_ACC_x_Antioxidants_div_Calcium,0.6203504657677024,0.0,0.6788966952901379,0.6721311475409836,0.6029411764705882,0.11292820123556924
BorderlineSMOTE,trip_Auxins_PEG_div_Trehalose_x_Manganese,0.6203504657677024,0.0,0.6783762685402029,0.6721311475409836,0.6029411764705882,0.10688050376703151
BorderlineSMOTE,trip_Auxins_PEG_div_Manganese_x_Polyamines,0.6203504657677024,0.0,0.6783762685402029,0.6721311475409836,0.6029411764705882,0.10793263347316073
BorderlineSMOTE,trip_ACC_PEG_div_Trehalose_PEG_x_Potassium,0.6203504657677024,0.0,0.6788966952901379,0.6721311475409836,0.6029411764705882,0.10136012018687501
BorderlineSMOTE,trip_Auxins_PEG_div_Proline_x_Manganese,0.6203504657677024,0.0,0.6783762685402029,0.6721311475409836,0.6029411764705882,0.10112924337867413
BorderlineSMOTE,trip_ACC_div_ACC_PEG_x_Trehalose_PEG,0.6203504657677024,0.0,0.6783762685402029,0.6721311475409836,0.6029411764705882,0.1000415239086021
BorderlineSMOTE,trip_Auxins_PEG_div_Proline_PEG_x_Zinc,0.6203504657677024,0.0,0.6783762685402029,0.6721311475409836,0.6029411764705882,0.10245307635573297
BorderlineSMOTE,trip_Auxins_PEG_x_Proline_div_Calcium,0.6203504657677024,0.0,0.6783762685402029,0.6721311475409836,0.6029411764705882,0.10196754828481569
BorderlineSMOTE,trip_ACC_x_Potassium_PEG_div_Silica,0.6203504657677024,0.0,0.6788966952901379,0.6721311475409836,0.6029411764705882,0.10179805590706903
BorderlineSMOTE,trip_Biofilm_x_Proline_PEG_div_Zinc,0.6203504657677024,0.0,0.6788966952901379,0.6721311475409836,0.6029411764705882,0.10725509886411211
BorderlineSMOTE,trip_Auxins_PEG_div_Trehalose_x_Zinc,0.6203504657677024,0.0,0.6783762685402029,0.6721311475409836,0.6029411764705882,0.10791902617652127
BorderlineSMOTE,trip_Auxins_PEG_div_Nitrogen_PEG_x_Manganese,0.6203504657677024,0.0,0.6783762685402029,0.6721311475409836,0.6029411764705882,0.10331498326602673
BorderlineSMOTE,trip_Auxins_PEG_div_ACC_x_Calcium,0.6203504657677024,0.0,0.6783762685402029,0.6721311475409836,0.6029411764705882,0.10478760338784054
BorderlineSMOTE,trip_Trehalose_x_Potassium_PEG_div_Calcium,0.6203504657677024,0.0,0.6788966952901379,0.6721311475409836,0.6029411764705882,0.10380917663854072
BorderlineSMOTE,trip_ACC_div_Phosphate_x_Calcium,0.6203504657677024,0.0,0.6788966952901379,0.6721311475409836,0.6029411764705882,0.10390567051468347
BorderlineSMOTE,trip_ACC_PEG_x_Proline_PEG_div_Zinc,0.6203504657677024,0.0,0.6788966952901379,0.6721311475409836,0.6029411764705882,0.10326092336851356
BorderlineSMOTE,trip_Auxins_PEG_div_Glycine_Betaine_x_Silica,0.6203504657677024,0.0,0.6783762685402029,0.6721311475409836,0.6029411764705882,0.10656476558364592
BorderlineSMOTE,trip_Auxins_PEG_div_Phosphate_x_Manganese,0.6203504657677024,0.0,0.6783762685402029,0.6721311475409836,0.6029411764705882,0.10542711844267805
BorderlineSMOTE,trip_Auxins_PEG_div_Phosphate_x_Calcium,0.6203504657677024,0.0,0.6783762685402029,0.6721311475409836,0.6029411764705882,0.10705413166243338
BorderlineSMOTE,trip_Proline_div_Antioxidants_PEG_x_Potassium_PEG,0.6203504657677024,0.0,0.6791569086651054,0.6721311475409836,0.6029411764705882,0.09163071428811476
BorderlineSMOTE,trip_Auxins_PEG_div_Trehalose_x_Calcium,0.6203504657677024,0.0,0.6783762685402029,0.6721311475409836,0.6029411764705882,0.09199792561358033
BorderlineSMOTE,trip_Biofilm_PEG_x_Antioxidants_div_Potassium,0.6203504657677024,0.0,0.678896695290138,0.6721311475409836,0.6029411764705882,0.09343283242087796
BorderlineSMOTE,trip_Trehalose_PEG_x_Nitrogen_PEG_div_Potassium_PEG,0.6203504657677024,0.0,0.6788966952901379,0.6721311475409836,0.6029411764705882,0.09819912347749149
BorderlineSMOTE,trip_Biofilm_x_Auxins_PEG_div_Nitrogen_PEG,0.6203504657677024,0.0,0.6788966952901379,0.6721311475409836,0.6029411764705882,0.09648488203589878
BorderlineSMOTE,trip_Antioxidants_x_Phosphate_div_Calcium,0.6203504657677024,0.0,0.6788966952901379,0.6721311475409836,0.6029411764705882,0.09620922106907104
BorderlineSMOTE,trip_Auxins_PEG_div_Antioxidants_PEG_x_Calcium,0.6203504657677024,0.0,0.6783762685402029,0.6721311475409836,0.6029411764705882,0.09804128071409846
BorderlineSMOTE,trip_Auxins_PEG_div_Potassium_PEG_x_Manganese,0.6203504657677024,0.0,0.6783762685402029,0.6721311475409836,0.6029411764705882,0.09722179330186886
BorderlineSMOTE,trip_Proline_div_Phosphate_x_Calcium,0.6203504657677024,0.0,0.6788966952901379,0.6721311475409836,0.6029411764705882,0.09455337406561282
BorderlineSMOTE,trip_Auxins_PEG_div_Antioxidants_x_Manganese,0.6203504657677024,0.0,0.6783762685402029,0.6721311475409836,0.6029411764705882,0.09513205955890958
BorderlineSMOTE,trip_Auxins_x_Auxins_PEG_div_Antioxidants,0.6203504657677024,0.0,0.6788966952901379,0.6721311475409836,0.6029411764705882,0.09505996543439599
BorderlineSMOTE,trip_Auxins_PEG_x_Trehalose_div_Manganese,0.6203504657677024,0.0,0.6783762685402029,0.6721311475409836,0.6029411764705882,0.09500771363285576
BorderlineSMOTE,trip_Auxins_PEG_div_Proline_x_Calcium,0.6203504657677024,0.0,0.6783762685402029,0.6721311475409836,0.6029411764705882,0.09394620464321601
BorderlineSMOTE,trip_Auxins_x_ACC_div_Polyamines,0.6203504657677024,0.0,0.6783762685402029,0.6721311475409836,0.6029411764705882,0.09408363770878014
BorderlineSMOTE,trip_Auxins_PEG_x_Nitrogen_PEG_div_Silica,0.6203504657677024,0.0,0.6783762685402029,0.6721311475409836,0.6029411764705882,0.0957812008982788
BorderlineSMOTE,trip_Auxins_PEG_div_Proline_PEG_x_Potassium_PEG,0.6203504657677024,0.0,0.6783762685402029,0.6721311475409836,0.6029411764705882,0.0954793273706609
BorderlineSMOTE,trip_Trehalose_PEG_x_Proline_PEG_div_Silica,0.6203504657677024,0.0,0.6783762685402029,0.6721311475409836,0.6029411764705882,0.09075734930184609
BorderlineSMOTE,trip_Antioxidants_PEG_div_Silica_x_Zinc,0.6203504657677024,0.0,0.6786364819151705,0.6721311475409836,0.6029411764705882,0.09043645603740513
BorderlineSMOTE,trip_ACC_div_Phosphate_x_Potassium_PEG,0.6203504657677024,0.0,0.6794171220400728,0.6721311475409836,0.6029411764705882,0.09160080468159215
BorderlineSMOTE,trip_Auxins_PEG_div_Antioxidants_PEG_x_Manganese,0.6203504657677024,0.0,0.6783762685402029,0.6721311475409836,0.6029411764705882,0.09324713892398884
BorderlineSMOTE,trip_ACC_PEG_div_Calcium_x_Zinc,0.6203504657677024,0.0,0.6788966952901379,0.6721311475409836,0.6029411764705882,0.09234825391694468
BorderlineSMOTE,trip_Auxins_x_Trehalose_PEG_div_Calcium,0.6203504657677024,0.0,0.6788966952901379,0.6721311475409836,0.6029411764705882,0.09199902876933241
BorderlineSMOTE,trip_Biofilm_x_Auxins_PEG_div_Calcium,0.6203504657677024,0.0,0.6788966952901379,0.6721311475409836,0.6029411764705882,0.10151890089594096
BorderlineSMOTE,trip_ACC_PEG_x_Proline_PEG_div_Calcium,0.6203504657677024,0.0,0.6786364819151705,0.6721311475409836,0.6029411764705882,0.10230547613229368
BorderlineSMOTE,trip_Auxins_PEG_div_Proline_PEG_x_Calcium,0.6203504657677024,0.0,0.6783762685402029,0.6721311475409836,0.6029411764705882,0.09993620478644183
BorderlineSMOTE,trip_Trehalose_PEG_div_Phosphate_x_Potassium,0.6203504657677024,0.0,0.6783762685402029,0.6721311475409836,0.6029411764705882,0.09944910557424813
BorderlineSMOTE,trip_Biofilm_PEG_div_Trehalose_PEG_x_Polyamines,0.6203504657677024,0.0,0.6788966952901379,0.6721311475409836,0.6029411764705882,0.09911928306700624
BorderlineSMOTE,trip_ACC_PEG_div_Antioxidants_x_Calcium,0.6203504657677024,0.0,0.6788966952901379,0.6721311475409836,0.6029411764705882,0.10035897079862899
BorderlineSMOTE,trip_Auxins_x_ACC_PEG_div_Nitrogen,0.6203504657677024,0.0,0.6788966952901379,0.6721311475409836,0.6029411764705882,0.09832670646797781
BorderlineSMOTE,trip_Auxins_x_Nitrogen_div_Nitrogen_PEG,0.6203504657677024,0.0,0.6788966952901379,0.6721311475409836,0.6029411764705882,0.10244769748413018
BorderlineSMOTE,trip_Auxins_PEG_div_Glycine_Betaine_x_Polyamines,0.6203504657677024,0.0,0.6783762685402029,0.6721311475409836,0.6029411764705882,0.10314134747213499
BorderlineSMOTE,trip_Auxins_PEG_div_ACC_x_Manganese,0.6203504657677024,0.0,0.6783762685402029,0.6721311475409836,0.6029411764705882,0.10537271496085521
BorderlineSMOTE,trip_Auxins_PEG_x_Antioxidants_div_Calcium,0.6203504657677024,0.0,0.6783762685402029,0.6721311475409836,0.6029411764705882,0.07985476622184384
BorderlineSMOTE,trip_Auxins_x_Auxins_PEG_div_Potassium_PEG,0.6203504657677024,0.0,0.6788966952901379,0.6721311475409836,0.6029411764705882,0.0811272616475649
BorderlineSMOTE,trip_ACC_PEG_div_Proline_PEG_x_Calcium,0.6203504657677024,0.0,0.6788966952901379,0.6721311475409836,0.6029411764705882,0.08418083889469075
BorderlineSMOTE,trip_Auxins_x_Nitrogen_div_Phosphate,0.6203504657677024,0.0,0.6794171220400728,0.6721311475409836,0.6029411764705882,0.08429895554506572
BorderlineSMOTE,trip_ACC_div_Phosphate_x_Potassium,0.6203504657677024,0.0,0.6794171220400728,0.6721311475409836,0.6029411764705882,0.08439263426777632
BorderlineSMOTE,trip_Proline_PEG_div_Antioxidants_x_Potassium_PEG,0.6203504657677024,0.0,0.6794171220400729,0.6721311475409836,0.6029411764705882,0.08351268983944471
BorderlineSMOTE,trip_Proline_PEG_x_Antioxidants_div_Calcium,0.6203504657677024,0.0,0.6788966952901379,0.6721311475409836,0.6029411764705882,0.08265093958253322
BorderlineSMOTE,trip_Auxins_PEG_div_Phosphate_x_Glycine_Betaine,0.6203504657677024,0.0,0.6783762685402029,0.6721311475409836,0.6029411764705882,0.09126518599919953
BorderlineSMOTE,trip_ACC_PEG_x_Proline_div_Calcium,0.6203504657677024,0.0,0.6788966952901379,0.6721311475409836,0.6029411764705882,0.09253556002218244
BorderlineSMOTE,trip_Proline_div_Potassium_x_Glycine_Betaine,0.6203504657677024,0.0,0.6788966952901379,0.6721311475409836,0.6029411764705882,0.09303598464499774
BorderlineSMOTE,trip_Proline_PEG_div_Antioxidants_PEG_x_Nitrogen,0.6203504657677024,0.0,0.678896695290138,0.6721311475409836,0.6029411764705882,0.08807880025232961
BorderlineSMOTE,trip_Auxins_PEG_div_Silica_x_Calcium,0.6203504657677024,0.0,0.6783762685402029,0.6721311475409836,0.6029411764705882,0.08748313037297861
BorderlineSMOTE,trip_Proline_div_Antioxidants_PEG_x_Silica,0.6203504657677024,0.0,0.6783762685402029,0.6721311475409836,0.6029411764705882,0.08743631997275214
BorderlineSMOTE,trip_Auxins_PEG_div_Potassium_x_Manganese,0.6203504657677024,0.0,0.6783762685402029,0.6721311475409836,0.6029411764705882,0.0883161156461918
BorderlineSMOTE,trip_Trehalose_x_Proline_div_Zinc,0.6203504657677024,0.0,0.6788966952901379,0.6721311475409836,0.6029411764705882,0.08972233711289701
BorderlineSMOTE,trip_Proline_div_Potassium_x_Calcium,0.6203504657677024,0.0,0.6788966952901379,0.6721311475409836,0.6029411764705882,0.08980827597374064
BorderlineSMOTE,trip_Proline_div_Nitrogen_x_Calcium,0.6203504657677024,0.0,0.6788966952901379,0.6721311475409836,0.6029411764705882,0.08595762393760475
BorderlineSMOTE,trip_Auxins_PEG_div_Proline_PEG_x_Manganese,0.6203504657677024,0.0,0.6783762685402029,0.6721311475409836,0.6029411764705882,0.08580075466308856
BorderlineSMOTE,trip_ACC_x_Nitrogen_div_Potassium_PEG,0.6203504657677024,0.0,0.6788966952901379,0.6721311475409836,0.6029411764705882,0.08566640529961189
BorderlineSMOTE,trip_Biofilm_PEG_x_Antioxidants_div_Polyamines,0.6203504657677024,0.0,0.6786364819151705,0.6721311475409836,0.6029411764705882,0.08560036470937793
BorderlineSMOTE,trip_Auxins_PEG_x_Trehalose_div_Silica,0.6203504657677024,0.0,0.6783762685402029,0.6721311475409836,0.6029411764705882,0.08557961932572944
BorderlineSMOTE,trip_Nitrogen_PEG_div_Phosphate_x_Glycine_Betaine,0.6203504657677024,0.0,0.6788966952901379,0.6721311475409836,0.6029411764705882,0.08539420227598571
BorderlineSMOTE,trip_Auxins_x_Trehalose_PEG_div_Polyamines,0.6203504657677024,0.0,0.6783762685402029,0.6721311475409836,0.6029411764705882,0.08520886552755669
BorderlineSMOTE,trip_Auxins_x_ACC_div_Zinc,0.6203504657677024,0.0,0.6794171220400728,0.6721311475409836,0.6029411764705882,0.08508440441519172
BorderlineSMOTE,trip_Auxins_PEG_div_ACC_PEG_x_Manganese,0.6203504657677024,0.0,0.6783762685402029,0.6721311475409836,0.6029411764705882,0.08479589035177271
BorderlineSMOTE,trip_Auxins_PEG_div_Potassium_x_Calcium,0.6203504657677024,0.0,0.6783762685402029,0.6721311475409836,0.6029411764705882,0.08455118657884308
BorderlineSMOTE,trip_Auxins_PEG_div_Trehalose_PEG_x_Manganese,0.6203504657677024,0.0,0.6783762685402029,0.6721311475409836,0.6029411764705882,0.08447537753125989
BorderlineSMOTE,trip_Biofilm_PEG_div_ACC_PEG_x_Potassium,0.6203504657677024,0.0,0.6783762685402029,0.6721311475409836,0.6029411764705882,0.08712269990106813
BorderlineSMOTE,trip_ACC_PEG_div_Nitrogen_x_Nitrogen_PEG,0.6203504657677024,0.0,0.6788966952901379,0.6721311475409836,0.6029411764705882,0.08689917790335233
BorderlineSMOTE,trip_Glycine_Betaine_div_Silica_x_Calcium,0.6203504657677024,0.0,0.6744730679156908,0.6721311475409836,0.6029411764705882,0.08693114392328405
BorderlineSMOTE,trip_Trehalose_x_Potassium_PEG_div_Manganese,0.6203504657677024,0.0,0.6788966952901379,0.6721311475409836,0.6029411764705882,0.08655897151475922
BorderlineSMOTE,trip_ACC_PEG_div_Potassium_x_Calcium,0.6203504657677024,0.0,0.6788966952901379,0.6721311475409836,0.6029411764705882,0.08598094291253666
BorderlineSMOTE,trip_Auxins_PEG_x_Trehalose_div_Glycine_Betaine,0.6203504657677024,0.0,0.6783762685402029,0.6721311475409836,0.6029411764705882,0.07934172639428771
BorderlineSMOTE,trip_Auxins_PEG_x_Silica_div_Manganese,0.6203504657677024,0.0,0.6788966952901379,0.6721311475409836,0.6029411764705882,0.07980674077059269
BorderlineSMOTE,trip_Manganese_x_Calcium_div_Polyamines,0.6203504657677024,0.0,0.6604215456674473,0.6721311475409836,0.6029411764705882,0.08137376693439302
BorderlineSMOTE,trip_Auxins_PEG_div_Nitrogen_x_Manganese,0.6203504657677024,0.0,0.6783762685402029,0.6721311475409836,0.6029411764705882,0.08144798377805951
BorderlineSMOTE,trip_Trehalose_x_Potassium_PEG_div_Zinc,0.6203504657677024,0.0,0.6788966952901379,0.6721311475409836,0.6029411764705882,0.0810044756732613
BorderlineSMOTE,trip_Auxins_x_Proline_div_Antioxidants,0.6203504657677024,0.0,0.6788966952901379,0.6721311475409836,0.6029411764705882,0.0807187991423286
BorderlineSMOTE,trip_ACC_x_Trehalose_PEG_div_Calcium,0.6203504657677024,0.0,0.6788966952901379,0.6721311475409836,0.6029411764705882,0.07986338215787936
BorderlineSMOTE,trip_Trehalose_PEG_x_Antioxidants_div_Antioxidants_PEG,0.6203504657677024,0.0,0.6794171220400729,0.6721311475409836,0.6029411764705882,0.08321975920377223
BorderlineSMOTE,trip_ACC_div_Proline_PEG_x_Phosphate,0.6203504657677024,0.0,0.6791569086651054,0.6721311475409836,0.6029411764705882,0.08199207783496232
BorderlineSMOTE,trip_Biofilm_div_Trehalose_x_Polyamines,0.6203504657677024,0.0,0.6788966952901379,0.6721311475409836,0.6029411764705882,0.08166887952789281
BorderlineSMOTE,trip_Auxins_div_Antioxidants_x_Phosphate,0.6203504657677024,0.0,0.6786364819151705,0.6721311475409836,0.6029411764705882,0.08150036524647497
BorderlineSMOTE,trip_Trehalose_x_Antioxidants_div_Potassium,0.6203504657677024,0.0,0.6788966952901379,0.6721311475409836,0.6029411764705882,0.08155684998037915
BorderlineSMOTE,trip_Biofilm_PEG_x_Auxins_div_Polyamines,0.6203504657677024,0.0,0.6783762685402029,0.6721311475409836,0.6029411764705882,0.08225809765743342
BorderlineSMOTE,trip_Proline_PEG_div_Antioxidants_x_Glycine_Betaine,0.6203504657677024,0.0,0.6788966952901379,0.6721311475409836,0.6029411764705882,0.08220660345271358
BorderlineSMOTE,trip_Biofilm_div_Auxins_x_Trehalose_PEG,0.6203504657677024,0.0,0.6788966952901379,0.6721311475409836,0.6029411764705882,0.08209477531669163
BorderlineSMOTE,trip_ACC_PEG_div_Glycine_Betaine_x_Zinc,0.6203504657677024,0.0,0.6788966952901379,0.6721311475409836,0.6029411764705882,0.0824049266349074
BorderlineSMOTE,trip_Trehalose_x_Potassium_div_Potassium_PEG,0.6203504657677024,0.0,0.6788966952901379,0.6721311475409836,0.6029411764705882,0.07863325028258594
BorderlineSMOTE,trip_Auxins_PEG_div_Potassium_x_Silica,0.6203504657677024,0.0,0.6783762685402029,0.6721311475409836,0.6029411764705882,0.07867709085062047
BorderlineSMOTE,trip_Auxins_PEG_x_Antioxidants_div_Manganese,0.6203504657677024,0.0,0.6788966952901379,0.6721311475409836,0.6029411764705882,0.0794969251381965
BorderlineSMOTE,trip_Biofilm_x_Trehalose_PEG_div_Calcium,0.6203504657677024,0.0,0.6788966952901379,0.6721311475409836,0.6029411764705882,0.07956098767635522
BorderlineSMOTE,trip_Antioxidants_PEG_div_Nitrogen_x_Phosphate,0.6203504657677024,0.0,0.6783762685402029,0.6721311475409836,0.6029411764705882,0.07844945110685142
BorderlineSMOTE,trip_ACC_PEG_x_Proline_PEG_div_Manganese,0.6203504657677024,0.0,0.6788966952901379,0.6721311475409836,0.6029411764705882,0.08109520825924998
BorderlineSMOTE,trip_ACC_x_Glycine_Betaine_div_Calcium,0.6125,-0.00785046576770232,0.6708300806661462,0.6557377049180327,0.5970149253731343,0.10461835472007741
BorderlineSMOTE,trip_Biofilm_PEG_div_Auxins_PEG_x_Antioxidants_PEG,0.6125,-0.00785046576770232,0.6770752016653656,0.6557377049180327,0.5970149253731343,0.10542740147189855
BorderlineSMOTE,trip_Biofilm_div_Antioxidants_x_Nitrogen_PEG,0.6125,-0.00785046576770232,0.6775956284153005,0.6557377049180327,0.5970149253731343,0.08133957963739769
BorderlineSMOTE,trip_Auxins_div_Antioxidants_x_Nitrogen,0.6125,-0.00785046576770232,0.6781160551652355,0.6557377049180327,0.5970149253731343,0.09445820713576891
BorderlineSMOTE,trip_Trehalose_div_Antioxidants_x_Nitrogen,0.6125,-0.00785046576770232,0.677855841790268,0.6557377049180327,0.5970149253731343,0.0905499178444149
BorderlineSMOTE,trip_ACC_PEG_x_Proline_PEG_div_Antioxidants,0.6119947848761408,-0.008355680891561579,0.6791569086651054,0.6721311475409836,0.5942028985507246,0.11748525848943325
BorderlineSMOTE,trip_Manganese_div_Polyamines_x_Zinc,0.6119947848761408,-0.008355680891561579,0.6703096539162113,0.6721311475409836,0.5942028985507246,0.11042485780480638
BorderlineSMOTE,trip_Biofilm_x_ACC_PEG_div_Antioxidants,0.6041951664386684,-0.016155299329033923,0.6762945615404632,0.6557377049180327,0.5882352941176471,0.10432825420339653
BorderlineSMOTE,trip_Phosphate_x_Calcium_div_Polyamines,0.5966692688004163,-0.0236811969672861,0.6622430392922196,0.6229508196721312,0.5846153846153846,0.09031306582862553
BorderlineSMOTE,trip_Biofilm_PEG_x_Silica_div_Calcium,0.580536039552433,-0.039814426215269316,0.6271142336716107,0.6065573770491803,0.5692307692307692,0.09610620532669856
