Bacteria_ID,Biofilm,Biofilm_PEG,Auxins,Auxins_PEG,ACC,ACC_PEG,Trehalose,Trehalose_PEG,Proline,Proline_PEG,Antioxidants,Antioxidants_PEG,Nitrogen,Nitrogen_PEG,Phosphate,Potassium,Potassium_PEG,Glycine_Betaine,Silica,Manganese,Calcium,Polyamines,Zinc,Shoot_Length,Shoot_Length_Drought,Root_Length,Root_Length_Drought,Shoot_Weight,Shoot_Weight_Drought,Root_Weight,Root_Weight_Drought
1,0.622,0.169,115.588,84.489,0.063,0.01,0.063,0.102,42.537,2.724,-1.798,-23.403,-0.514,-1.601,-20.777,2.058,0.986,1,1,0,2.595,3.156,0,NA,-6.5,NA,-13.9,NA,-5.4,NA,-0.567
2,1.905,0.191,100.495,8.425,0.082,0.013,0.232,0.124,21.218,5.444,-14.076,-7.806,-0.566,-1.429,-19.489,1.185,0.641,1,0,0,0,0,0,12,-27.5,11.6,-14.9,2.38,-4.5,-2.08,-2.6
3,1.48,3.828,22.113,7.914,0.063,0.009,0.109,0.145,79.527,10.642,-7.218,-13.095,-0.529,-1.385,-18.57,1.629,1.109,1,0,0,0,0,0,15.667,-25,7.6,-0.9,-0.953,-3.65,1.17,0.95
4,0.14,3.828,18.339,23.892,0.162,0.089,0.133,0.384,10.317,12.984,-4.743,9.289,-0.695,-1.462,-13.492,1.451,1.494,1,0,0,0,0,0,6.5,-6.833,4.6,-7.567,-1.22,-1.2,0.87,-3.267
5,0.328,0.283,16.819,23.592,0.122,0.032,0.104,0.31,6.186,3.822,-19.161,-10.619,-0.705,-1.528,1.635,1.895,1.754,0,1,0,0,2.372,0,36.667,11.833,74.267,-9.9,5.18,1.533,7.037,NA
6,0.177,0.348,9.852,31.184,0.055,0.016,0.083,0.152,10.946,5.501,-36.014,-7.245,-0.683,-1.644,-3.753,1.301,1.182,1,0,2.589,0,0,0,7.333,-17.167,47.6,-2.233,-2.053,-6.4,1.37,2.967
7,0.163,0.056,39.668,19.425,0.1,0.022,0.409,0.449,1.673,49.843,5.517,-5.824,-0.842,-1.565,-12.822,0.99,0.697,1,1,0,0,2.83,0,-32.5,-15.5,-4.9,14.1,-6.67,-3.2,1.92,-4.35
8,1.718,0.08,122.758,64.21,0.174,0.023,0.126,0.3,22.123,9.323,-18.413,-7.561,-0.607,-1.61,-15.634,0.867,0.836,0,1,0,4.46,2.996,0,38,-27,22.933,-21.9,2.947,-5.35,5.437,-4.95
9,0.22,0.351,17.458,15.002,0.069,0.066,0.134,0.409,5.619,5.073,2.713,5.238,-0.673,-1.458,41.997,0.449,1.31,0,0,0,2.27,0,0,10,NA,31.1,NA,-1.62,NA,4.07,NA
10,0.294,0.129,15.753,40.364,0.187,0.041,0.546,0.195,42.594,1.591,-36.259,15.23,-0.733,-1.612,-2.556,1.241,1.366,1,0,0,0,2.528,0,-19,-16.833,-3.067,1.767,-4.653,-1.967,1.657,-2.2
12,0.319,3.478,13.994,29.122,0.075,0.012,0.523,0.428,9.177,12.079,6.348,-15.709,-0.632,-1.564,0.356,1.884,1.082,0,0,0,0,0,0,16.5,-28.167,2.1,-10.9,-0.62,-2.767,3.52,-2.7
13,0.161,2.584,13.925,15.858,0.135,0.04,0.162,0.182,3.631,15.938,5.788,-12.555,-0.668,-1.535,-5.214,1.762,1.047,0,0,0,0,0,0,-15,-16,-5.9,16.6,-2.62,-1.1,0.92,6.05
14,0.557,1.781,24.589,17.148,0.058,0.024,0.093,0.493,21.369,29.286,1.727,21.37,-0.635,-1.588,-2.308,1.584,1.277,0,1,0,0,0,0,25.5,10.167,50.6,-26.233,2.63,-0.5,7.97,-4.633
15,2.188,0.163,49.184,17.088,0.08,0.04,0.262,0.153,3.656,6.49,-27.056,20.855,-0.698,-1.6,0.833,0.889,1.5,0,0,0,0,0,0,24.667,16.5,14.267,6.1,-1.287,-6.9,6.103,-2.1
19,0.107,0.179,17.813,10.113,0.084,0.085,0.094,0.26,12.179,15.405,5.459,32.615,-0.697,-1.361,-5.327,1.777,1.036,0,0,2.397,0,0,0,-33,26,3.6,-6.4,-7.62,2.2,-3.63,-2.25
21,0.91,0.614,29.906,28.266,0.165,0.127,0.282,0.14,32.387,2.574,-43.987,8.555,-0.705,-1.148,-6.57,1.756,1.556,0,0,0,0,0,0,38,-15.833,26.933,5.767,5.98,-6.233,-0.763,-1.667
22,0.268,0.144,20.898,37.318,0.125,0.029,0.158,0.104,80.795,6.422,-14.34,18.358,-0.703,-1.558,-13.726,1.294,0.688,0,1,0,0,0,0,58,20.833,82.267,6.1,8.48,-0.333,8.937,1.2
23,0.085,0.363,23.104,15.085,0.087,0.015,0.064,0.341,18.329,7.769,-20.353,-5.187,-0.641,-1.643,2.717,1.576,1.161,0,0,0,3.112,2.433,0,35,6.833,40.6,-23.9,3.047,2.667,2.77,4.2
24,2.071,0.116,102.408,64.419,0.166,0.02,0.121,0.418,6.675,1.737,-2.217,17.462,-0.767,-1.639,-11.324,1.75,0.908,0,1,2.558,0,3.5,0,1.667,3,-1.067,-9.4,0.713,0.9,2.27,-1.2
25,0.243,0.249,15.63,11.105,0.109,0.017,0.454,0.234,23.524,2.59,-8.404,-0.423,-0.8,-1.628,-9.925,1.459,0.715,0,0,0,0,2.385,0,37.333,12,37.933,2.6,2.38,2,0.77,-1.45
26,0.108,0.13,62.42,14.502,0.221,0.03,0.208,0.1,78.033,3.357,-16.834,-16.544,-0.784,-1.37,-3.581,0.847,1.198,0,1,0,0,2.564,0,-9,-18,-9.733,0.6,-3.387,-4.75,0.003,4.05
29,0.1,0.266,22.068,12.148,0.124,0.032,0.04,0.09,6.663,6.234,-22.474,2.971,-0.532,-1.618,-4.571,1.137,1.171,1,1,0,5.178,2.5,0,-11.5,-9.5,6.1,-9.567,-1.82,-4.233,-0.08,2.533
30,0.941,0.139,23.111,14.119,0.117,0.067,0.159,0.183,43.112,10.454,-12.181,-5.044,-0.61,-1.428,-8.377,1.353,1.219,1,0,0,0,2.708,0,34,6.5,28.6,-2.9,1.93,0.85,2.77,4.2
32,1.514,0.507,22.14,11.889,0.15,0.02,0.185,0.484,4.697,1.692,-2.636,6.909,-0.852,-1.33,-6.239,2.372,1.201,1,0,0,0,2.44,0,25,-3.5,32.6,11.433,4.18,-3.2,4.77,1.967
34,0.578,0.151,58.927,40.725,0.094,0.015,0.081,0.116,1.929,50.364,-22.209,7.103,0.332,-1.638,-8.636,1.12,0.839,0,1,3.013,4.345,2.426,2.448,-9.333,-7.5,20.267,-12.233,-4.62,-0.967,1.237,-2.667
35,0.338,0.134,30.525,29.839,0.188,0.036,0.218,0.176,59.904,9.666,-62.78,-4.025,0.362,-1.598,0.728,2.06,1.47,1,1,0,0,2.581,0,31.667,0,63.267,-2.4,10.713,-0.75,4.17,1.1
38,1.386,1.037,18.601,17.679,0.281,0.021,0.097,0.381,30.82,6.701,-36.24,-9.131,0.403,-1.62,7.795,2.01,1.084,0,0,2.335,0,0,0,19,-16.167,32.267,-3.567,-0.953,-5.633,1.97,-0.467
39,0.127,0.076,27.588,41.665,0.048,0.044,0.163,0.604,19.438,3.194,-31.013,-30.77,-0.645,-1.516,-7.605,1.641,1.179,0,0,0,2.31,0,0,-3,-0.833,-1.9,-9.9,-1.17,-2.833,-0.73,-2.4
45,1.871,3.802,15.126,10.865,0.076,0.042,0.747,0.136,37.911,30.501,-53.1,2.904,-0.768,-1.51,-1.501,1.194,1.165,1,0,0,0,2.392,0,9,-14.833,2.933,-20.233,-0.753,-3.567,1.77,3.533
46,0.131,0.169,188.189,79.591,0.135,0.006,0.057,0.18,11.366,0.627,-9.12,-8.769,-0.765,-1.473,-20.758,1.707,0.591,1,1,0,2.586,3.194,0,13.333,-7.833,38.267,17.767,0.48,-2.733,5.003,2.767
47,0.135,0.243,146.883,111.406,0.111,0.011,0.246,0.236,44.166,1.927,-16.042,-13.543,-0.786,-1.625,-16.073,1.937,1.065,1,1,0,2.474,2.794,0,-20.5,-21.833,8.6,7.767,-1.52,-3.267,7.27,0.133
48,1.669,0.148,20.977,18.664,0.04,0.026,0.024,0.09,12.048,16.589,-27.668,-23.759,-0.776,-1.529,-18.51,0.983,1.104,1,0,0,0,0,0,36.333,8.167,30.267,-6.567,4.413,1.033,4.87,0.4
50,1.637,0.215,16.627,11.545,0.076,0.02,0.138,0.123,6.035,3.143,-29.537,-6.909,-0.808,-1.34,-5.916,1.777,1.299,1,1,0,0,3,0,27.333,1.167,16.933,-13.9,3.58,-0.3,4.103,-0.133
51,0.338,3.708,29.484,29.685,0.043,0.056,0.103,0.48,8.535,11.522,-1.173,3.261,-0.859,-1.543,-6.522,0.67,0.948,0,0,0,0,2,0,-4.5,18.5,19.1,14.1,-5.47,-0.7,1.92,-6.05
52,0.322,0.295,12.744,76.967,0.098,0.017,0.133,0.123,8.915,4.526,-51.805,10.822,-0.638,-1.597,-13.96,1.735,1.125,1,0,0,0,2.868,0,21.5,33.5,10.6,17.1,4.88,3.3,-1.33,3.2
53,0.394,1.03,51.82,15.562,0.055,0.007,-0.015,0.163,7.59,27.439,-55.111,0.841,-0.691,-1.629,-3.173,1.297,0.971,1,0,0,0,2.487,2.822,29.667,17,23.933,-6.4,5.113,3.75,9.237,11.7
54,0.197,0.233,96.563,71.609,0.111,0.016,-0.015,0.134,86.563,2.782,-45.882,1.559,-0.745,-1.638,-6.546,1.789,1.193,1,0,0,0,3.048,0,24,2.5,17.933,-16.567,5.38,-1.233,1.103,0.067
55,0.118,0.112,103.201,73.543,0.076,0.012,0.085,0.103,2.082,20.912,-14.63,2.206,-0.715,-1.642,-16.367,1.918,1.386,1,1,0,0,3.332,0,-8,-2.833,7.267,4.433,2.447,-2.767,10.47,-2.4
56,1.332,1.311,32.569,36.644,0.051,0.026,0.086,0.302,12.808,12.869,-27.552,1.121,-0.587,-1.617,2.812,1.294,1.376,1,1,0,4.346,2.66,0,47,-6.5,102.1,16.433,15.78,-3.667,18.07,1.2
57,0.176,0.134,97.632,125.152,0.087,0.01,0.168,0.267,4.298,6.106,-18.407,-1.432,-0.714,-1.401,-9.644,1.484,1.193,1,1,0,0,2.751,0,36.333,6.833,38.933,-3.9,4.013,0.367,-0.897,-2.533
58,0.063,0.143,22.686,103.791,0.111,0.012,0.228,0.194,7.983,7.985,-63.103,1.819,-0.647,-1.411,-6.857,1.454,1.096,1,1,0,0,3.223,0,-3.5,NA,22.6,NA,-2.087,NA,0.203,NA
60,0.527,0.782,17.673,4.613,0.123,0.029,0.215,0.218,9.257,0.386,-36.588,-9.034,-0.598,-1.539,4.023,1.701,1.315,1,0,0,0,2.29,0,60,30.5,50.267,-4.4,-1.92,5.55,1.42,-1.7
61,0.065,3.606,31.437,13.132,0.085,0.046,0.078,0.294,3.466,4.05,-13.335,-19.963,-0.724,-1.584,2.698,1.58,1.264,0,0,0,0,0,0,65.5,-0.833,91.1,9.767,11.713,-1.533,11.437,4.8
63,0.089,0.021,44.697,16.072,0.055,0.082,0.042,0.478,9.491,1.471,-23.975,-2.053,-0.678,-1.3,-3.429,1.917,1.766,1,0,0,0,0,0,-1,-14.5,-4.733,31.1,18.58,-7.2,13.27,1.95
66,0.196,0.127,52.21,11.583,0.162,0.016,0.054,0.194,6.958,7.62,-18.072,-8.473,-0.314,-1.627,5.654,1.221,1.182,0,0,0,3.955,2.191,0,59.5,23,99.1,7.6,2.547,2.4,8.437,0.8
68,0.373,1.23,25.787,12.428,0.004,0.055,0.15,0.159,6.287,23.631,-12.516,-12.188,-0.401,-1.548,-14.006,0.969,1.324,1,0,0,0,2.204,0,37.667,-16.5,52.267,-7.233,6.68,-3.733,11.22,-5.367
69,0.237,0.099,23.845,12.991,0.107,0.089,0.123,0.137,11.219,8.885,-16.261,6.578,-0.69,-1.341,-9.76,1.771,2.075,0,0,0,0,0,0,50.333,-21.5,53.267,-36.4,9.813,-5.75,8.737,-4.7
70,0.055,0.187,13.785,65.761,0.096,0.009,0.186,0.327,8.545,3.098,-5.092,3.363,-0.408,-1.615,-13.581,1.964,0.657,1,1,0,0,3.38,0,33,-19.5,38.1,2.1,9.38,-3.9,12.77,-4.6
73,0.246,0.058,35.157,17.279,0.059,0.074,0.13,0.121,7.447,5.851,-19.986,-10.853,-0.727,-1.503,1.621,1.559,1.078,0,0,0,0,2,0,-18.5,1.5,-15.9,2.1,3.83,1.067,2.12,-2.633
76,0.842,0.25,60.826,90.89,0.098,0.024,0.112,0.547,3.146,1.192,-5.962,-8.224,-0.302,-1.175,-6.679,1.441,1.35,0,1,0,5.161,0,0,-11.5,-16.167,11.6,-19.567,0.28,-3.667,5.17,1.1
81,0.161,0.576,24.244,13.227,0.079,0.022,-0.011,0.131,5.411,4.209,-143.246,-2.527,-0.659,-1.594,1.279,1.875,0.873,0,1,0,0,0,0,30.333,7.5,64.933,-5.9,-4.12,1,-1.23,3.1
82,0.333,1.332,15.457,11.896,0.1,0.047,-0.019,0.149,27.196,6.902,-20.295,5.809,-0.723,-1.532,-3.223,2.041,1.876,0,0,0,2.387,2.227,0,-2,-4.833,-0.4,-1.9,5.38,-1.567,5.703,-2.8
83,0.235,1.527,14.502,11.189,0.19,0.091,0.079,0.459,2.897,6.49,-10.969,1.534,-0.756,-1.336,-4.874,1.852,1.399,0,0,0,0,2.237,0,2,-35.5,15.6,-41.9,2.78,-7.6,6.22,-6.2
86,0.446,0.106,30.49,14.482,0.07,0.03,0.363,0.138,19.888,7.638,-55.942,3.139,-0.516,-1.485,4.016,1.869,1.5,0,0,0,0,0,0,38.333,6.5,13.267,-3.567,4.847,-1.467,5.737,-2.267
87,0.255,1.047,15.26,12.23,0.07,0.034,0.05,0.139,16.586,4.031,-21.552,-35.275,-0.602,-1.614,0.962,1.593,1.081,0,0,0,0,0,0,50.5,-2,19.6,-7.4,10.38,-2.75,0.27,-1.2
88,0.115,0.399,23.804,10.239,0.202,0.056,0.105,0.448,5.531,4.851,0.116,0.046,-0.768,-1.567,-5.044,1.537,1.198,0,0,0,0,2.404,0,33.667,-0.167,47.6,-0.567,4.38,0.433,3.437,-0.633
91,1.081,0.364,22.714,26.738,0.119,0.011,0.129,0.254,8.121,2.769,-28.635,-1.88,-0.671,-1.452,3.648,1.248,1.015,1,1,0,2.157,0,0,-8.333,0.833,3.933,-8.233,-2.52,-0.4,-1.097,0.467
93,0.133,0.409,32.24,52.717,0.108,0.005,0.473,0.205,27.688,14.406,-33.965,-1.034,-0.678,-1.105,7.045,1.109,0.422,0,0,0,0,0,0,5,18.167,4.6,17.433,-2.72,0.4,7.02,-0.767
95,1.019,1.164,66.205,9.005,0.164,0.009,0.076,0.154,9.848,4.801,-15.706,6.578,-0.678,-1.577,-1.17,0.98,0.599,0,1,0,5.202,2.588,0,11.667,2.5,26.933,9.1,1.58,0.65,4.237,1.05
98,0.391,0.092,18.693,9.597,0.082,0.023,0.157,0.266,2.752,1.201,-12.4,1.895,-0.586,-1.645,-4.072,1.727,0.88,0,0,0,0,0,0,13.5,NA,38.6,NA,-0.87,NA,6.22,NA
106,0.246,0.532,17.187,16.807,0.07,0.14,0.185,0.143,6.745,19.662,-1.727,21.548,-0.698,-1.476,-8.268,1.746,1.729,0,0,0,2.631,0,0,53.333,-5.833,62.933,-4.9,9.613,-2.9,5.437,-2.133
107,0.846,0.253,20.053,15.265,0.415,0.027,0.134,0.173,35.097,2.206,-13.786,-9.202,-0.479,-1.487,1.498,2.057,1.463,1,0,2.395,0,0,2.527,33.333,-7.5,18.933,27.1,2.18,-5.95,3.303,4.1
112,0.435,0.084,9.469,11.843,0.125,0.104,0.108,0.422,55.804,2.099,-29.415,0.606,-0.612,-1.43,-0.978,0.847,1.185,1,0,2.352,2.686,0,0,4,-16.833,7.1,-14.567,-0.52,-5.567,-2.78,0.033
113,1.109,0.233,23.23,17.661,0.108,0.015,0.1,0.109,42.883,5.25,-58.095,6.145,-0.531,-1.586,2.905,1.407,0.846,0,0,0,0,0,0,36.333,-5.833,55.267,21.433,2.847,0.7,3.137,2.767
115,0.342,3.828,28.021,22.986,0.189,0.084,0.2,0.183,17.2,9.581,-18.781,-25.201,0.369,-1.39,-1.248,1.448,0.179,0,0,0,0,0,0,-4,-17,-5.067,-4.9,0.713,-1.967,-1.363,2.867
117,0.15,0.04,16.394,13.861,0.16,0.058,0.097,0.589,6.44,19.608,-15.938,0.097,-0.625,-1.462,-5.156,1.641,1.717,0,0,0,0,0,0,7.5,36,-2.4,-18.4,0.48,5.25,1.37,4.85
123,0.296,0.61,10.205,10.988,0.077,0.013,0.073,0.328,3.442,4.704,-5.581,-13.192,-0.654,-1.632,-0.248,0.669,1.493,1,0,0,0,2.492,0,20,4,38.6,-12.4,0.447,0.95,6.103,-0.5
125,0.109,-0.014,51.184,17.49,0.065,0.032,0.125,0.119,22.992,1.816,-6.419,-13.105,-0.171,-1.617,-15.237,1.205,1.081,1,0,0,0,0,0,36.333,2.167,46.933,-12.567,-5.853,-1.6,1.77,-1.667
126,0.19,0.306,40.193,20.798,0.211,0.031,0.151,0.131,7.251,17.166,-75.342,-13.987,-0.536,-1.593,8.186,1.722,1.586,1,0,2.425,0,0,0,10.333,16.167,23.6,-2.9,2.547,4.1,14.67,6.733
127,0.028,0.099,13.37,14.627,0.089,0.034,0.096,0.245,69.684,2.761,-26.708,-4.739,-0.682,-1.62,-0.104,1.94,0.958,0,0,0,0,2,0,28,21,0.6,8.6,0.18,0.75,0.97,4.05
130,0.168,0.391,19.143,14.336,0.093,0.121,0.099,0.324,7.217,5.555,-1.321,-1.651,-0.862,-1.419,-5.207,2.045,1.653,1,0,0,0,2.361,0,20.667,11,60.6,13.1,5.613,-0.2,10.337,NA
133,0.129,0.139,24.469,15.939,0.074,0.061,0.028,0.191,20.697,4.919,-32.096,-5.951,-0.717,-1.308,2.098,1.621,1.461,0,0,0,0,0,0,64.5,-10.833,33.6,7.1,15.28,-3.4,12.77,1.533
137,0.103,0.192,15.826,10.726,0.099,0.03,0.136,0.425,3.311,1.704,-11.511,-11.357,-0.808,-1.54,11.201,2.317,0.958,0,1,2.337,0,2.227,0,45.5,NA,-7.9,NA,8.98,NA,6.57,NA
138,2.811,0.562,19.54,27.263,0.071,0.019,0.068,0.125,4.566,118.062,-13.36,-58.718,-0.732,-1.567,2.524,1.1,1.314,0,1,0,0,0,0,25.333,17.5,31.933,-2.233,6.147,12.333,11.27,15.467
139,0.289,1.147,16.053,24.708,0.162,0.033,0.112,0.133,22.812,5.342,-35.318,4.774,-0.707,-1.614,-5.389,1.284,1.321,1,0,0,0,2.545,0,8,12.5,10.267,3.767,-0.953,5,-1.263,8.533
142,1.002,0.056,34.507,20.394,0.044,0.044,0.108,0.108,6.676,4.784,-1.353,-5.483,0.594,-1.586,4.181,0.882,1.223,0,0,0,0,0,0,38,-3.167,39.933,-8.233,6.147,-1.467,6.003,-3.133
144,0.039,0.063,21.21,10.359,0.058,0.085,-0.016,0.211,8.873,8.197,-19.432,-2.272,-0.768,-1.457,4.346,1.772,1.689,0,0,0,0,0,0,28.5,-3.167,-1.4,-15.9,-0.32,-2.333,8.52,-2.167
145,0.786,2.489,30.301,31.935,0.097,0.126,0.078,0.161,4.337,17.266,-36.562,0.729,-0.705,-1.385,-3.686,1.151,0.429,0,0,0,0,2,0,18.667,-10.5,15.6,-12.4,-0.22,-1.1,1.77,1.167
147,1.211,0.184,13.174,9.97,0.36,0.018,0.081,0.274,6.762,26.791,-27.958,23.01,0.507,-1.646,2.509,1.707,1.003,1,1,2.78,2.524,0,0,-4.333,-23.5,0.933,-9.233,-3.62,-5.567,-2.897,-2.467
148,1.375,0.107,11.166,10.42,0.07,0.007,0.087,0.212,7.764,4.645,-34.983,-11.908,-0.228,-1.597,1.72,1.158,0.95,1,1,2.809,2.464,0,0,11,-14,26.933,3.6,1.98,-2,2.503,-4
150,0.064,0.018,25.14,16.845,0.103,0.051,0.146,0.283,3.519,3.704,-15.59,-0.056,-0.556,-1.57,0.763,1.248,1.036,1,0,0,0,0,0,10.5,12.833,4.6,-13.567,1.38,-3.6,0.77,4.467
151,0.518,1.337,18.288,44.857,0.114,0.107,0.177,0.42,13.479,25.077,42.356,7.169,-0.649,-1.431,1.884,2.103,1.406,0,1,0,2.917,0,0,45,-11.833,56.6,-5.567,8.23,-2.533,-0.18,1.033
153,0.385,2.5,34.603,35.087,0.185,0.171,0.124,0.108,7.23,16.192,-14.443,3.246,-0.691,-0.793,7.127,1.706,-0.267,0,0,2.819,0,2.246,2.262,-6,19,16.6,28.6,-2.87,3.2,1.07,12.5
156,1.434,1.157,46.476,9.849,0.186,0.035,0.6,0.112,7.184,21.623,-22.377,24.422,-0.711,-1.586,-1.138,1.262,1.162,1,1,0,1.797,0,0,15.667,-4.833,22.6,-21.9,0.647,-1.1,4.237,-0.75
157,0.313,2.24,33.658,25.067,0.062,0.02,0.129,0.312,2.14,1.159,-56.999,17.818,-0.725,-1.625,-14.979,0.862,1.386,1,1,2.563,6.18,2.743,0,46.333,-9.167,103.933,3.433,10.78,1.6,10.403,5.95
158,0.12,0.436,22.519,12.311,0.112,0.036,0.19,0.163,4.246,4.717,-7.077,19.107,-0.703,-1.575,5.83,1.886,1.227,0,0,0,0,0,0,52,17.5,49.267,5.1,11.38,1.1,12.903,2.2
159,0.261,0.833,27.368,28.114,0.059,0.019,0.09,0.283,20.621,9.126,-11.24,-6.547,-0.745,-1.626,-7.029,0.866,1.404,1,1,2.635,6.235,2.538,0,0.667,-0.167,8.267,4.767,-2.12,-1.633,-0.963,0.8
501,0.036,0.157,35.396,9.642,0.138,0.066,0.122,0.178,11.106,7.241,-15.094,0.316,0.308,-1.575,5.713,1.024,0.93,0,0,0,0,0,0,75.5,NA,48.1,NA,14.48,NA,5.67,NA
502,0.091,0.439,34.279,14.826,0.095,0.007,0.085,0.18,3.333,3.345,-18.033,66.702,-0.521,-1.647,0.635,1.155,0.848,0,1,2.562,0,0,0,44,-4.833,26.267,-7.567,6.98,-0.667,7.47,15.8
503,0.595,0.402,23.336,34.365,0.109,0.052,0.443,0.791,102.701,6.326,-16.17,-5.727,-0.645,-1.549,9.823,1.393,1.596,1,0,0,0,0,0,43,-4.5,51.267,-12.233,5.147,-3.933,2.27,-3.467
504,0.327,0.105,18.671,32.132,0.104,0.033,0.073,0.142,4.629,5.017,-5.704,-7.062,-0.708,-1.626,-2.49,1.861,1.088,0,0,0,0,0,0,25,14.833,31.933,-11.9,3.013,1.333,4.603,2.433
505,0.647,1.056,28.881,18.613,0.1,0.03,0.272,0.131,5.626,6.121,-4.292,-21.247,-0.802,-1.568,-9.741,1.082,1.178,1,1,0,3.382,2.172,0,41.667,-11.833,11.933,-16.9,8.913,-2.367,7.17,-1.2
506,0.337,0.311,14.927,18.259,0.121,0.06,1.031,0.138,35.531,3.669,-13.515,7.373,-0.709,-1.524,-13.366,1.831,1.804,1,0,0,0,0,0,40,-12.5,23.267,-36.9,1.947,-3.2,0.87,-2.6
1001,0.104,2.705,13.998,18.747,0.088,0.03,0.148,0.123,6.934,6.479,-18.323,5.671,-0.624,-1.613,-3.367,1.624,1.62,0,0,0,0,2.728,0,5.5,NA,-14.4,NA,-0.82,NA,3.97,NA
1002,0.197,0.155,19.012,10.294,0.072,0.035,0.03,0.53,22.554,20.776,-29.905,-2.023,0.067,-1.584,9.64,1.095,1.115,0,0,0,0,0,0,-23,43.5,13.6,-2.4,-9.62,13.15,3.77,9.3
1003,0.255,0.095,28.633,16.408,0.06,0.02,0.149,0.138,5.725,4.473,-21.062,-57.312,-0.675,-1.647,3.78,1.133,1.071,0,1,0,4.798,2.328,0,20.667,-7.5,0.267,5.1,-1.353,-4.067,3.103,5.933
1004,1.509,0.637,16.286,20.207,0.187,0.066,0.257,0.078,14.157,5.57,-22.119,-6.965,-0.534,-1.563,-0.654,1.165,1.559,1,1,2.422,3.73,2.327,0,0.667,8.5,27.933,2.433,-1.553,0.233,3.37,0.6
1005,0.179,0.168,24.826,20.029,0.276,0.039,0.182,0.218,3.66,1.768,-7.347,-6.7,-0.851,-1.528,1.894,1.856,1.122,0,0,0,0,0,0,30,-32.167,-5.4,-20.233,3.28,-5.733,0.52,-3.4
1006,0.104,0.155,13.038,11.606,0.039,0.014,0.091,0.107,4.521,2.2,-22.474,-9.217,0.374,-1.63,1.633,0.986,0.951,1,1,0,4.192,2.518,0,58.5,-57.5,25.1,-18.9,4.38,4.8,2.52,-5.4
1007,0.066,0.047,10.796,9.947,0.07,0.015,0.507,0.572,6.059,2.799,-5.195,3.011,-0.811,-1.607,-21.378,1.263,1.452,0,1,0,2.537,0,0,18.5,NA,-1.9,NA,-0.52,NA,-1.53,NA
1008,0.621,3.704,12.835,19.591,0.12,0.052,0.112,0.137,5.135,29.119,2.623,-0.861,-0.737,-1.517,2.875,1.281,1.657,0,0,0,4.818,0,2.571,10.5,-2.5,16.6,-6.9,-2.52,-1.4,3.37,0.467
1009,0.242,0.274,23.068,106.437,0.089,0.028,0.108,0.263,7.103,4.218,-25.967,-15.072,-0.036,-1.639,13.299,0.692,1.401,0,1,0,0,2.964,0,-3,-4.167,-15.733,30.433,0.413,-4.167,2.87,6.7
1010,0.15,0.342,62.881,14.037,0.117,0.041,0.3,0.154,47.357,2.457,-8.166,-25.66,-0.263,-1.608,-12.566,1.577,1.401,1,1,0,0,2.489,0,32.333,-25.833,48.933,-24.233,0.713,-2.3,1.103,1.933
1012,0.187,0.493,22.441,28.391,0.092,0.022,0.692,0.165,14.69,37.682,-4.389,-14.287,-0.796,-1.592,-20.999,1.115,1.13,1,1,2.577,4.148,3.031,0,17.333,-14.167,55.6,-0.9,0.947,-2,3.703,-4.267
10P,2.362,2.549,29.362,8.731,0.065,0.033,0.087,0.354,6.36,4.475,-6.045,-14.415,-0.705,-1.595,2.613,1.707,1.267,0,1,2.288,0,0,4.014,18.333,14.5,22.933,-15.233,1.78,-0.2,-0.063,2.2
11P,2.076,2.042,15.933,11.04,0.049,0.075,0.093,0.137,5.392,8.273,0.361,-22.093,-0.81,-1.57,0.977,1.603,1.595,0,1,0,2.298,2.449,0,-5.333,0.833,-7.067,-0.233,-0.787,-0.6,4.003,-0.767
12P,2.501,2.722,15.804,6.651,0.137,0.09,0.128,0.318,29.88,0.618,-8.398,-23.851,-0.677,-1.519,0.431,1.116,1.334,0,0,2.182,0,2.601,0,36.5,-15.167,-3.4,-15.233,6.63,-3.833,1.67,-1.9
15P,2.789,3.357,12.549,1.51,0.083,0.03,0.088,0.178,86.788,0.906,-7.689,-12.03,-0.628,-1.628,4.983,1.504,1.188,1,0,2.35,0,2.694,0,29,-12.5,20.6,9.1,4.38,-2.067,5.97,-0.933
18P,2.238,1.434,16.181,5.033,0.101,0.074,0.271,0.721,9.892,7.626,-6.49,5.202,-0.294,-1.479,2.412,1.654,1.426,0,1,0,2.323,0,0,38,-27.5,17.6,-18.4,2.33,-4.95,-0.53,-0.9
19P,1.528,2.646,9.262,0.263,0.103,0.015,0.054,0.13,19.969,1.51,-0.49,-5.314,-0.624,-1.623,-5.794,1.559,1.192,0,0,0,0,2.297,0,26.333,-12.5,-2.4,58.6,4.147,-5.55,1.07,0.6
1P,2.304,1.409,3.403,0.81,0.124,0.052,0.199,0.147,15.38,0.957,-24.555,-9.966,-0.66,-1.594,-0.914,1.88,1.719,0,1,2.214,0,2.384,3.819,-6,20.833,8.6,-6.233,-0.053,1.667,-1.163,-0.2
25P,1.955,1.86,2.139,0.831,0.106,0.026,0.099,0.146,15.385,7.35,64.192,8.891,-0.557,-1.628,5.971,1.383,1.207,0,1,2.304,0,2.561,0,5.333,-16.833,28.267,-5.9,-2.287,-2.9,-1.23,1.533
26P,1.992,1.875,13.531,3.568,0.143,0.033,0.175,0.216,4.453,13.033,-5.871,-9.839,-0.564,-1.613,-2.018,2.876,1.41,1,1,2.346,0,3.312,3.297,2.333,-8.833,1.6,-19.233,0.88,-3.333,4.27,2.2
27P,3.611,2.743,5.053,2.696,0.093,0.039,0.075,0.146,18.42,8.106,-10.737,-8.616,-0.798,-1.651,-10.012,1.201,1.258,0,1,2.422,0,2.156,0,-13.5,-23.833,1.6,11.433,18.58,-7.667,-0.23,5.333
29P,3.404,2.015,6.341,1.396,0.165,0.108,0.135,0.141,9.94,4.59,0.039,-4.606,-0.675,-1.494,2.948,1.873,1.825,0,1,2.527,0,2.066,3.178,-2.333,NA,27.267,NA,-2.753,NA,1.737,NA
2P,2.193,0.913,3.638,0.968,0.164,0.04,0.081,0.357,10.989,0.839,-4.776,-5.085,-0.629,-1.612,6.712,1.02,1.292,0,1,0,2.356,0,0,11.333,-10.5,15.933,-15.9,0.28,2.15,2.337,-0.4
33P,1.658,0.385,6.682,2.195,0.052,0.015,0.125,0.123,8.881,2.528,-12.059,-28.936,-0.622,-1.632,-2.702,1.451,1.018,0,1,2.545,0,0,3,16.5,-12.5,44.1,27.433,1.18,1.633,10.37,10.433
34P,0.571,0.738,2.324,0.484,0.056,0.027,0.114,0.167,7.606,2.987,-11.188,-10.124,-0.701,-1.63,-19.883,1.623,1.286,0,1,0,0,2.469,2.542,7,68.833,-20.9,89.433,1.88,-2.4,2.17,-3.867
35P,1.377,0.357,4.385,0.942,0.099,0.084,0.209,0.189,8.278,3.443,-6.29,-25.293,-0.481,-1.348,-1.21,1.556,1.807,0,1,0,0,0,2.291,31,-4.167,32.267,7.433,2.447,1.833,5.103,1.767
36P,2.664,1.414,5.988,3.447,0.047,0.075,0.221,0.543,6.429,13.36,-12.361,4.148,-0.277,-1.58,4.385,1.716,1.642,0,1,2.775,2.636,0,4.009,19,-18.5,39.6,15.433,8.63,-3.9,14.12,4.433
3P,2.189,1.55,8.755,2.766,0.063,0.046,0.104,0.281,8.796,2.047,-13.554,-29.736,-0.76,-1.592,7.735,2.087,1.28,0,0,0,0,0,0,29,0.5,29.933,3.767,0.047,-0.067,3.437,3.967
4P,2.426,1.212,13.553,2.822,0.073,0.043,0.167,0.201,43.409,1.344,-5.53,-35.438,-0.73,-1.566,-11.194,1.358,1.183,0,1,0,0,2.124,0,73.5,-7.167,4.1,36.433,12.73,-1.667,11.02,6.367
8P,2.228,1.945,1.178,-0.237,0.106,0.029,0.881,0.097,5.468,4.419,-2.997,-31.519,-0.538,-1.59,-11.272,0.835,1.424,1,1,0,2.438,3.016,0,32.5,-8.833,18.1,0.1,5.58,-4.5,2.12,0.933
9P,2.072,1.516,1.613,0.883,0.075,0.043,0.138,0.114,6.792,0.473,4.602,5.156,-0.561,-1.579,10.333,1.174,1.806,0,1,0,2.337,0,0,7.667,-18.167,3.267,-2.233,-1.12,-5.133,10.637,1.2
