Rank,Approach,SynCom_ID,Strains,Mean_P_Beneficial,Min_P_Beneficial,Diversity_Score,Bio_Trait_Coverage,Eng_Feature_Coverage,Score_Used,Strain_1,P_Ben_1,Strain_2,P_Ben_2,Strain_3,P_Ben_3,Strain_4,P_Ben_4,Strain_5,P_Ben_5,Mean_Drought_Score,Min_Drought_Score,DroughtScore_1,DroughtScore_2,DroughtScore_3,DroughtScore_4,DroughtScore_5
1,A_Elite,A_Elite_SC1,33P | 10P | 26P | 107 | 502,0.8806,0.8227,1.6758,9/14,8/10,0.8806,33P,0.9512,10P,0.9416,26P,0.8619,107,0.8258,502,0.8227,,,,,,,
2,A_Elite,A_Elite_SC2,33P | 10P | 26P | 157 | 29P,0.8591,0.7569,1.7929,11/14,9/10,0.8591,33P,0.9512,10P,0.9416,26P,0.8619,157,0.7838,29P,0.7569,,,,,,,
3,A_Elite,A_Elite_SC3,33P | 10P | 26P | 81 | 35P,0.85,0.7477,1.1618,9/14,8/10,0.85,33P,0.9512,10P,0.9416,26P,0.8619,81,0.7477,35P,0.7477,,,,,,,
1,B_FeatCoverage,B_FeatCoverage_SC1,107 | 502 | 157 | 29P | 36P,0.7772,0.6969,2.3988,11/14,9/10,1.0105,107,0.8258,502,0.8227,157,0.7838,29P,0.7569,36P,0.6969,,,,,,,
2,B_FeatCoverage,B_FeatCoverage_SC2,107 | 157 | 29P | 138 | 6,0.7372,0.5719,2.4169,11/14,9/10,1.0105,107,0.8258,157,0.7838,29P,0.7569,138,0.7477,6,0.5719,,,,,,,
3,B_FeatCoverage,B_FeatCoverage_SC3,107 | 29P | 36P | 6 | 25,0.6703,0.5,2.4534,10/14,9/10,1.0104,107,0.8258,29P,0.7569,36P,0.6969,6,0.5719,25,0.5,,,,,,,
1,C_Balanced,C_Balanced_SC1,33P | 10P | 26P | 107 | 157,0.8729,0.7838,1.981,10/14,9/10,0.8924,33P,0.9512,10P,0.9416,26P,0.8619,107,0.8258,157,0.7838,,,,,,,
2,C_Balanced,C_Balanced_SC2,33P | 107 | 502 | 157 | 29P,0.8281,0.7569,2.2304,10/14,9/10,0.885,33P,0.9512,107,0.8258,502,0.8227,157,0.7838,29P,0.7569,,,,,,,
3,C_Balanced,C_Balanced_SC3,10P | 107 | 157 | 29P | 138,0.8112,0.7477,2.2706,12/14,9/10,0.871,10P,0.9416,107,0.8258,157,0.7838,29P,0.7569,138,0.7477,,,,,,,
1,D_TraitCoverage,D_TraitCoverage_SC1,107 | 29P | 22 | 36P | 126,0.716,0.5527,2.3541,14/14,9/10,1.0102,107,0.8258,29P,0.7569,22,0.7477,36P,0.6969,126,0.5527,,,,,,,
2,D_TraitCoverage,D_TraitCoverage_SC2,157 | 29P | 36P | 57 | 126,0.6746,0.5527,2.3623,14/14,9/10,1.0101,157,0.7838,29P,0.7569,36P,0.6969,57,0.5826,126,0.5527,,,,,,,
3,D_TraitCoverage,D_TraitCoverage_SC3,502 | 29P | 36P | 126 | 54,0.674,0.5408,2.3402,14/14,9/10,1.01,502,0.8227,29P,0.7569,36P,0.6969,126,0.5527,54,0.5408,,,,,,,
1,E_Phenotype,E_Phenotype_SC1,53 | 138 | 139 | 153 | 1002,,,,,,0.5824,53,,138,,139,,153,,1002,,0.5824,0.4083,0.4497,0.7678,0.4083,0.5811,0.7052
2,E_Phenotype,E_Phenotype_SC2,138 | 153 | 502 | 1002 | 33P,,,,,,0.562,138,,153,,502,,1002,,33P,,0.562,0.3741,0.7678,0.5811,0.3818,0.7052,0.3741
3,E_Phenotype,E_Phenotype_SC3,52 | 138 | 153 | 1002 | 34P,,,,,,0.5524,52,,138,,153,,1002,,34P,,0.5524,0.3377,0.3377,0.7678,0.5811,0.7052,0.3703
1,F_Random,F_Random_SC1,12 | 148 | 86 | 9P | 1001,,,,,,random,12,0.5,148,0.2393,86,0.5,9P,0.4256,1001,0.5,-0.1461,,-0.2726,-0.1941,-0.0859,-0.1556,-0.0221
2,F_Random,F_Random_SC2,13 | 36P | 504 | 1002 | 113,,,,,,random,13,0.5,36P,0.6969,504,0.5,1002,0.5,113,0.5,0.224,,0.1415,0.0195,0.1109,0.7052,0.1431
3,F_Random,F_Random_SC3,1008 | 68 | 87 | 30 | 107,,,,,,random,1008,0.1194,68,0.5408,87,0.5,30,0.5408,107,0.8258,-0.0613,,-0.0507,-0.3164,-0.1281,0.1494,0.0395
