Strategy,N_Features,LOO_F1,LOO_AUC,Recall_1,Precision_1
SMOTE_k4,301,0.6829891838741396,0.6820192557897476,0.7868852459016393,0.6486486486486487
SMOTE_k3,301,0.6753076721654884,0.6695290137913089,0.7704918032786885,0.6438356164383562
None,301,0.6667322189446083,0.6638043195420245,0.7704918032786885,0.6351351351351351
BorderlineSMOTE,301,0.6580882352941176,0.6651053864168619,0.7704918032786885,0.6266666666666667
SMOTETomek,301,0.6242424242424243,0.644808743169399,0.7540983606557377,0.5974025974025974
SMOTE_k4,200,0.5941345902068604,0.5979703356752537,0.5245901639344263,0.6037735849056604
SMOTE_k3,200,0.5941345902068604,0.5987509758001561,0.5245901639344263,0.6037735849056604
BorderlineSMOTE,200,0.5865315462569467,0.6010928961748634,0.5245901639344263,0.5925925925925926
None,200,0.5865315462569467,0.5901639344262295,0.5245901639344263,0.5925925925925926
SMOTETomek,50,0.5703170970905524,0.5524329950559459,0.5081967213114754,0.5740740740740741
SMOTE_k3,50,0.5626959247648903,0.5295342180588083,0.5081967213114754,0.5636363636363636
BorderlineSMOTE,50,0.5626959247648903,0.5282331511839709,0.5081967213114754,0.5636363636363636
SMOTE_k4,50,0.5626959247648903,0.5451470205568567,0.5081967213114754,0.5636363636363636
None,50,0.5626959247648903,0.531095498308613,0.5081967213114754,0.5636363636363636
SMOTEENN,301,0.5623043623043623,0.5984907624251886,0.7377049180327869,0.5487804878048781
SMOTE_k3,100,0.5588932806324111,0.5435857403070518,0.45901639344262296,0.5714285714285714
None,100,0.5498646953996436,0.5412438199323446,0.4426229508196721,0.5625
BorderlineSMOTE,100,0.5498646953996436,0.5396825396825398,0.4426229508196721,0.5625
SMOTE_k4,100,0.5498646953996436,0.5464480874316939,0.4426229508196721,0.5625
SMOTETomek,200,0.5317708333333333,0.5599791829300026,0.5081967213114754,0.5254237288135594
SMOTEENN,50,0.5170561375235025,0.5602393963049701,0.36065573770491804,0.5365853658536586
SMOTETomek,100,0.5129615082482325,0.5147020556856623,0.4426229508196721,0.5094339622641509
SMOTEENN,100,0.5007590258068775,0.5620608899297423,0.39344262295081966,0.5
SMOTEENN,200,0.45161290322580644,0.48842050481394744,0.45901639344262296,0.4444444444444444
BorderlineSMOTE,20,0.40307051782461617,0.3237054384595368,0.4262295081967213,0.4
None,20,0.3869372885766328,0.3138173302107728,0.4098360655737705,0.38461538461538464
SMOTEENN,10,0.38453500522466044,0.3083528493364559,0.32786885245901637,0.36363636363636365
SMOTE_k3,20,0.37899186991869915,0.3091334894613583,0.39344262295081966,0.375
SMOTE_k4,20,0.3709677419354839,0.31433775696070776,0.3770491803278688,0.36507936507936506
SMOTETomek,10,0.3628617886178862,0.31876138433515483,0.36065573770491804,0.3548387096774194
SMOTETomek,20,0.36186567650315943,0.33021077283372363,0.32786885245901637,0.3448275862068966
BorderlineSMOTE,30,0.35214211076280044,0.29950559458756176,0.4262295081967213,0.36619718309859156
BorderlineSMOTE,10,0.34673170731707315,0.32214415820973197,0.3442622950819672,0.3387096774193548
SMOTEENN,20,0.34673170731707315,0.2961228207129846,0.3442622950819672,0.3387096774193548
None,10,0.34639161840307153,0.3242258652094718,0.32786885245901637,0.3333333333333333
SMOTEENN,30,0.3387096774193548,0.28051001821493626,0.3442622950819672,0.3333333333333333
SMOTE_k3,10,0.3385376008326828,0.32474629195940674,0.32786885245901637,0.32786885245901637
SMOTE_k4,10,0.3385376008326828,0.3158990372105127,0.32786885245901637,0.32786885245901637
SMOTETomek,30,0.3359456635318704,0.29430132708821233,0.4098360655737705,0.352112676056338
SMOTE_k3,30,0.3285052521693743,0.2828519385896435,0.39344262295081966,0.34285714285714286
SMOTE_k4,30,0.3285052521693743,0.2841530054644809,0.39344262295081966,0.34285714285714286
None,30,0.3209908735332464,0.28389279208951346,0.3770491803278688,0.3333333333333333
