Bacteria_ID,P_Beneficial,Predicted,Actual,Correct
33P,0.9512,Beneficial,Beneficial,1
10P,0.9416,Beneficial,Beneficial,1
26P,0.8619,Beneficial,Beneficial,1
107,0.8258,Beneficial,Beneficial,1
502,0.8227,Beneficial,Beneficial,1
157,0.7838,Beneficial,Beneficial,1
29P,0.7569,Beneficial,Non-Beneficial,0
138,0.7477,Beneficial,Beneficial,1
22,0.7477,Beneficial,Beneficial,1
14,0.7477,Beneficial,Non-Beneficial,0
81,0.7477,Beneficial,Beneficial,1
35P,0.7477,Beneficial,Beneficial,1
1P,0.7382,Beneficial,Beneficial,1
56,0.7172,Beneficial,Beneficial,1
29,0.7118,Beneficial,Beneficial,1
153,0.71,Beneficial,Beneficial,1
36P,0.6969,Beneficial,Beneficial,1
1003,0.6868,Beneficial,Beneficial,1
1006,0.6753,Beneficial,Beneficial,1
8,0.6543,Beneficial,Non-Beneficial,0
95,0.6536,Beneficial,Non-Beneficial,0
66,0.6354,Beneficial,Beneficial,1
23,0.6206,Beneficial,Beneficial,1
19,0.6033,Beneficial,Beneficial,1
38,0.6017,Beneficial,Non-Beneficial,0
82,0.593,Beneficial,Non-Beneficial,0
15P,0.5828,Beneficial,Non-Beneficial,0
57,0.5826,Beneficial,Non-Beneficial,0
4P,0.5826,Beneficial,Beneficial,1
55,0.5826,Beneficial,Non-Beneficial,0
50,0.5826,Beneficial,Non-Beneficial,0
26,0.5826,Beneficial,Beneficial,1
35,0.5826,Beneficial,Beneficial,1
5,0.5826,Beneficial,Beneficial,1
70,0.5826,Beneficial,Non-Beneficial,0
58,0.5826,Beneficial,Non-Beneficial,0
7,0.5826,Beneficial,Non-Beneficial,0
1009,0.5826,Beneficial,Beneficial,1
1010,0.5826,Beneficial,Beneficial,1
34P,0.5826,Beneficial,Beneficial,1
47,0.5765,Beneficial,Non-Beneficial,0
6,0.5719,Beneficial,Beneficial,1
126,0.5527,Beneficial,Beneficial,1
46,0.5457,Beneficial,Beneficial,1
53,0.5408,Beneficial,Beneficial,1
68,0.5408,Beneficial,Non-Beneficial,0
52,0.5408,Beneficial,Beneficial,1
45,0.5408,Beneficial,Beneficial,1
60,0.5408,Beneficial,Beneficial,1
30,0.5408,Beneficial,Beneficial,1
10,0.5408,Beneficial,Non-Beneficial,0
54,0.5408,Beneficial,Non-Beneficial,0
32,0.5408,Beneficial,Beneficial,1
130,0.5408,Beneficial,Beneficial,1
123,0.5408,Beneficial,Non-Beneficial,0
139,0.5408,Beneficial,Beneficial,1
505,0.5282,Beneficial,Non-Beneficial,0
8P,0.5142,Beneficial,Non-Beneficial,0
1,0.5091,Beneficial,Non-Beneficial,0
51,0.5,Beneficial,Beneficial,1
1001,0.5,Beneficial,Non-Beneficial,0
19P,0.5,Beneficial,Non-Beneficial,0
3P,0.5,Beneficial,Beneficial,1
1005,0.5,Beneficial,Non-Beneficial,0
504,0.5,Beneficial,Beneficial,1
145,0.5,Non-Beneficial,Beneficial,0
144,0.5,Beneficial,Non-Beneficial,0
1002,0.5,Beneficial,Beneficial,1
158,0.5,Beneficial,Beneficial,1
501,0.5,Non-Beneficial,Non-Beneficial,1
69,0.5,Non-Beneficial,Non-Beneficial,1
73,0.5,Non-Beneficial,Non-Beneficial,1
86,0.5,Non-Beneficial,Non-Beneficial,1
87,0.5,Non-Beneficial,Non-Beneficial,1
93,0.5,Beneficial,Beneficial,1
98,0.5,Non-Beneficial,Non-Beneficial,1
34,0.5,Non-Beneficial,Non-Beneficial,1
25,0.5,Beneficial,Beneficial,1
83,0.5,Non-Beneficial,Non-Beneficial,1
88,0.5,Non-Beneficial,Non-Beneficial,1
12,0.5,Non-Beneficial,Non-Beneficial,1
13,0.5,Non-Beneficial,Beneficial,0
15,0.5,Beneficial,Beneficial,1
21,0.5,Non-Beneficial,Non-Beneficial,1
61,0.5,Beneficial,Beneficial,1
127,0.5,Beneficial,Beneficial,1
142,0.5,Beneficial,Non-Beneficial,0
117,0.5,Non-Beneficial,Beneficial,0
133,0.5,Beneficial,Beneficial,1
113,0.5,Non-Beneficial,Beneficial,0
115,0.5,Beneficial,Beneficial,1
11P,0.4984,Non-Beneficial,Non-Beneficial,1
18P,0.4767,Non-Beneficial,Non-Beneficial,1
2P,0.4659,Non-Beneficial,Beneficial,0
1007,0.451,Non-Beneficial,Non-Beneficial,1
25P,0.4407,Non-Beneficial,Beneficial,0
137,0.4387,Non-Beneficial,Non-Beneficial,1
27P,0.4335,Non-Beneficial,Beneficial,0
9P,0.4256,Non-Beneficial,Beneficial,0
24,0.4253,Non-Beneficial,Non-Beneficial,1
39,0.4011,Non-Beneficial,Non-Beneficial,1
12P,0.3679,Non-Beneficial,Non-Beneficial,1
1004,0.3254,Non-Beneficial,Non-Beneficial,1
91,0.3062,Non-Beneficial,Non-Beneficial,1
156,0.3023,Non-Beneficial,Non-Beneficial,1
159,0.2797,Non-Beneficial,Non-Beneficial,1
9,0.2711,Non-Beneficial,Non-Beneficial,1
3,0.2703,Non-Beneficial,Non-Beneficial,1
506,0.2703,Non-Beneficial,Non-Beneficial,1
63,0.2703,Non-Beneficial,Beneficial,0
48,0.2703,Non-Beneficial,Non-Beneficial,1
2,0.2703,Non-Beneficial,Non-Beneficial,1
4,0.2703,Non-Beneficial,Non-Beneficial,1
125,0.2703,Non-Beneficial,Non-Beneficial,1
150,0.2703,Non-Beneficial,Beneficial,0
503,0.2703,Non-Beneficial,Non-Beneficial,1
106,0.2582,Non-Beneficial,Non-Beneficial,1
76,0.2409,Non-Beneficial,Beneficial,0
148,0.2393,Non-Beneficial,Non-Beneficial,1
147,0.2156,Non-Beneficial,Non-Beneficial,1
1012,0.2114,Non-Beneficial,Non-Beneficial,1
151,0.1952,Non-Beneficial,Non-Beneficial,1
112,0.1385,Non-Beneficial,Non-Beneficial,1
1008,0.1194,Non-Beneficial,Non-Beneficial,1
