Feature,Importance,Std
ratio_Glycine_Betaine_div_Polyamines,0.08619655526724426,0.023421277745538108
ratio_Manganese_div_Zinc,0.07245321269043718,0.025309235080709376
ratio_Glycine_Betaine_div_Silica,0.04993174944569349,0.024238305437714183
ratio_Calcium_div_Polyamines,0.047971656359782185,0.020137627016570254
ratio_Manganese_div_Polyamines,0.04067342176658627,0.019697874371877203
trip_Antioxidants_x_Calcium_div_Zinc,0.039338944823802374,0.023780407613268023
ratio_Silica_div_Calcium,0.037412987924878204,0.019690411151713615
ratio_Silica_div_Polyamines,0.03489499519170581,0.02301327286503166
ratio_Manganese_div_Calcium,0.027950209675981906,0.015090388148021591
ratio_Biofilm_div_Antioxidants,0.018636426665820282,0.01316972808783956
ratio_Auxins_div_Antioxidants_PEG,0.017709926998123116,0.008320096436910788
trip_Glycine_Betaine_x_Manganese_div_Calcium,0.016926345486125958,0.01108679661894325
trip_Proline_PEG_x_Phosphate_div_Polyamines,0.015374618139776582,0.012930235457949793
trip_ACC_x_Manganese_div_Polyamines,0.014922161847854602,0.011351670095321705
ratio_Auxins_PEG_div_Antioxidants_PEG,0.014812079973509695,0.006590174753371037
ratio_Trehalose_PEG_div_Antioxidants_PEG,0.014375069470199228,0.007159883009443304
ratio_Biofilm_PEG_div_Antioxidants,0.014241931219520106,0.013366269333209163
ratio_ACC_div_Antioxidants_PEG,0.013317274851932038,0.007830823637916534
ratio_Trehalose_div_Antioxidants_PEG,0.013289269748975652,0.007692880574717928
trip_ACC_PEG_div_Antioxidants_PEG_x_Potassium_PEG,0.013240697376347085,0.007745377794612875
ratio_ACC_PEG_div_Antioxidants_PEG,0.011989784572510927,0.007660424609001049
trip_ACC_PEG_div_Proline_PEG_x_Antioxidants_PEG,0.011563469912177781,0.008831050688172791
ratio_ACC_div_Antioxidants,0.010932325486743085,0.007655557976828799
ratio_Proline_div_Antioxidants,0.01090218943708159,0.0078829140090291
ratio_Trehalose_div_Antioxidants,0.0108123267090712,0.011837647278548384
ratio_Antioxidants_div_Antioxidants_PEG,0.010558543329298975,0.008150464317006336
ratio_Auxins_PEG_div_Nitrogen,0.0104659600569083,0.004757584560222286
trip_Biofilm_PEG_div_Trehalose_x_Antioxidants,0.009907037846676136,0.010673469441092718
ratio_ACC_PEG_div_Antioxidants,0.00981421680227339,0.01109750385857914
StressRatio_Nitrogen,0.008710145868856692,0.003192094559994562
StressRatio_Proline,0.008415093492846571,0.0015626436319456523
trip_Proline_x_Antioxidants_PEG_div_Phosphate,0.008392981735188503,0.006119634277472634
ratio_Proline_PEG_div_Antioxidants,0.0080422394898441,0.010649298291793787
ratio_Trehalose_PEG_div_Antioxidants,0.007941762761790028,0.008828790468400998
trip_Proline_PEG_x_Phosphate_div_Silica,0.0075543200564449926,0.005399863631479147
trip_Biofilm_PEG_x_ACC_PEG_div_Phosphate,0.007265011073211044,0.007385993712019745
ratio_Phosphate_div_Polyamines,0.006658805668845895,0.0076357722710360615
ratio_Antioxidants_PEG_div_Phosphate,0.006423473491719774,0.004414849094074426
ratio_Proline_div_Phosphate,0.005888650771621181,0.0067852800110276565
ratio_Biofilm_div_Auxins_PEG,0.004980393370527747,0.006526603538110473
StressRatio_Antioxidants,0.004830347160519295,0.005693684654833057
trip_Biofilm_PEG_div_Auxins_x_Phosphate,0.004615126943251772,0.006141373799381427
ratio_Auxins_div_Antioxidants,0.004575494611227074,0.005732944535404815
trip_Biofilm_PEG_x_Antioxidants_div_Manganese,0.003774721659059617,0.004871079625981149
ratio_Auxins_PEG_div_Antioxidants,0.0037026565980321315,0.005244228280361637
ratio_Proline_div_Antioxidants_PEG,0.003448256038966387,0.005591307160478343
ratio_Biofilm_PEG_div_Phosphate,0.0031943703836908883,0.004766531667312127
trip_Biofilm_PEG_x_Trehalose_PEG_div_Phosphate,0.0023266065610061206,0.005369793096655642
ratio_Biofilm_div_Auxins,0.0023238434706377947,0.004466028072478652
trip_Biofilm_PEG_x_Antioxidants_div_Calcium,0.0020336678329534305,0.0043224753723113294
ratio_Antioxidants_PEG_div_Polyamines,0.0014508781884218225,0.003244262256382943
ratio_Auxins_div_Proline_PEG,0.001160702550737458,0.0029592224778436085
trip_Biofilm_x_Auxins_div_Phosphate,0.001160702550737458,0.0029592224778436085
ratio_Nitrogen_PEG_div_Zinc,0.0008705269130530935,0.0026115807391592807
ratio_Biofilm_PEG_div_Auxins_PEG,0.0008705269130530935,0.0026115807391592807
trip_Biofilm_PEG_x_Antioxidants_div_Zinc,0.000580351275368729,0.0021714756364070824
ratio_ACC_PEG_div_Trehalose,0.0002901756376843645,0.0015626436319456526
ratio_Trehalose_div_Phosphate,0.0002901756376843645,0.0015626436319456526
ratio_Antioxidants_PEG_div_Glycine_Betaine,0.0002901756376843645,0.0015626436319456526
ratio_ACC_PEG_div_Phosphate,0.0002901756376843645,0.0015626436319456526
ratio_Biofilm_div_Phosphate,0.0,0.0
ratio_Potassium_PEG_div_Zinc,0.0,0.0
Calcium,0.0,0.0
Biofilm,0.0,0.0
Biofilm_PEG,0.0,0.0
Auxins,0.0,0.0
Auxins_PEG,0.0,0.0
ACC,0.0,0.0
ACC_PEG,0.0,0.0
Trehalose,0.0,0.0
Trehalose_PEG,0.0,0.0
trip_Auxins_div_Trehalose_x_Phosphate,0.0,0.0
Nitrogen,0.0,0.0
ratio_Silica_div_Zinc,0.0,0.0
StressRatio_Auxins,0.0,0.0
StressRatio_ACC,0.0,0.0
StressRatio_Trehalose,0.0,0.0
Nitrogen_PEG,0.0,0.0
Phosphate,0.0,0.0
Potassium,0.0,0.0
Potassium_PEG,0.0,0.0
Glycine_Betaine,0.0,0.0
Silica,0.0,0.0
Manganese,0.0,0.0
Antioxidants_PEG,0.0,0.0
ratio_Potassium_div_Polyamines,0.0,0.0
ratio_Potassium_div_Zinc,0.0,0.0
ratio_Potassium_PEG_div_Glycine_Betaine,0.0,0.0
ratio_Potassium_PEG_div_Silica,0.0,0.0
ratio_Potassium_PEG_div_Manganese,0.0,0.0
ratio_Potassium_PEG_div_Calcium,0.0,0.0
ratio_Potassium_PEG_div_Polyamines,0.0,0.0
Antioxidants,0.0,0.0
ratio_Phosphate_div_Calcium,0.0,0.0
ratio_Phosphate_div_Zinc,0.0,0.0
ratio_Potassium_div_Potassium_PEG,0.0,0.0
ratio_Potassium_div_Glycine_Betaine,0.0,0.0
ratio_Potassium_div_Silica,0.0,0.0
ratio_Potassium_div_Manganese,0.0,0.0
ratio_Potassium_div_Calcium,0.0,0.0
ratio_Nitrogen_PEG_div_Calcium,0.0,0.0
ratio_Nitrogen_PEG_div_Polyamines,0.0,0.0
ratio_Biofilm_PEG_div_ACC_PEG,0.0,0.0
ratio_Biofilm_PEG_div_Trehalose,0.0,0.0
ratio_Biofilm_PEG_div_Trehalose_PEG,0.0,0.0
ratio_Biofilm_PEG_div_Proline,0.0,0.0
ratio_Biofilm_PEG_div_Proline_PEG,0.0,0.0
ratio_Biofilm_div_Potassium,0.0,0.0
ratio_Biofilm_div_Potassium_PEG,0.0,0.0
ratio_Biofilm_div_Glycine_Betaine,0.0,0.0
ratio_Biofilm_div_Silica,0.0,0.0
ratio_Biofilm_div_Manganese,0.0,0.0
ratio_Biofilm_div_Calcium,0.0,0.0
ratio_Biofilm_div_Polyamines,0.0,0.0
ratio_Biofilm_div_Zinc,0.0,0.0
ratio_Auxins_PEG_div_Nitrogen_PEG,0.0,0.0
ratio_Auxins_PEG_div_Phosphate,0.0,0.0
ratio_Auxins_PEG_div_Potassium,0.0,0.0
ratio_Auxins_PEG_div_Potassium_PEG,0.0,0.0
ratio_Auxins_PEG_div_Glycine_Betaine,0.0,0.0
ratio_Auxins_PEG_div_Silica,0.0,0.0
ratio_Auxins_div_Zinc,0.0,0.0
ratio_Auxins_PEG_div_ACC,0.0,0.0
ratio_Auxins_PEG_div_ACC_PEG,0.0,0.0
ratio_Auxins_PEG_div_Trehalose,0.0,0.0
ratio_Auxins_PEG_div_Trehalose_PEG,0.0,0.0
ratio_Auxins_PEG_div_Proline,0.0,0.0
ratio_Auxins_PEG_div_Proline_PEG,0.0,0.0
ratio_Auxins_div_Phosphate,0.0,0.0
ratio_Auxins_div_Potassium,0.0,0.0
ratio_Auxins_div_Potassium_PEG,0.0,0.0
ratio_Auxins_div_Glycine_Betaine,0.0,0.0
ratio_Auxins_div_Silica,0.0,0.0
ratio_Auxins_div_Manganese,0.0,0.0
ratio_Auxins_div_Calcium,0.0,0.0
ratio_Auxins_div_Polyamines,0.0,0.0
ratio_Auxins_div_Trehalose,0.0,0.0
ratio_Auxins_div_Trehalose_PEG,0.0,0.0
ratio_Auxins_div_Proline,0.0,0.0
ratio_Auxins_div_Nitrogen,0.0,0.0
ratio_Auxins_div_Nitrogen_PEG,0.0,0.0
ratio_ACC_PEG_div_Proline,0.0,0.0
ratio_ACC_PEG_div_Proline_PEG,0.0,0.0
ratio_ACC_PEG_div_Nitrogen,0.0,0.0
ratio_ACC_PEG_div_Nitrogen_PEG,0.0,0.0
ratio_ACC_PEG_div_Potassium,0.0,0.0
ratio_ACC_div_Glycine_Betaine,0.0,0.0
ratio_ACC_div_Silica,0.0,0.0
ratio_ACC_div_Manganese,0.0,0.0
ratio_ACC_div_Calcium,0.0,0.0
ratio_ACC_div_Polyamines,0.0,0.0
ratio_ACC_div_Zinc,0.0,0.0
ratio_ACC_PEG_div_Trehalose_PEG,0.0,0.0
ratio_ACC_div_Proline_PEG,0.0,0.0
ratio_ACC_div_Nitrogen,0.0,0.0
ratio_ACC_div_Nitrogen_PEG,0.0,0.0
ratio_ACC_div_Phosphate,0.0,0.0
ratio_ACC_div_Potassium,0.0,0.0
ratio_ACC_div_Potassium_PEG,0.0,0.0
ratio_Auxins_PEG_div_Manganese,0.0,0.0
ratio_Auxins_PEG_div_Calcium,0.0,0.0
ratio_Auxins_PEG_div_Polyamines,0.0,0.0
ratio_Auxins_PEG_div_Zinc,0.0,0.0
ratio_ACC_div_ACC_PEG,0.0,0.0
ratio_ACC_div_Trehalose,0.0,0.0
ratio_ACC_div_Trehalose_PEG,0.0,0.0
ratio_ACC_div_Proline,0.0,0.0
ratio_Trehalose_PEG_div_Proline_PEG,0.0,0.0
ratio_Trehalose_PEG_div_Nitrogen,0.0,0.0
ratio_Trehalose_PEG_div_Nitrogen_PEG,0.0,0.0
ratio_Trehalose_PEG_div_Phosphate,0.0,0.0
ratio_Trehalose_PEG_div_Potassium,0.0,0.0
ratio_Trehalose_PEG_div_Potassium_PEG,0.0,0.0
ratio_Trehalose_div_Potassium_PEG,0.0,0.0
ratio_Trehalose_div_Glycine_Betaine,0.0,0.0
ratio_Trehalose_div_Silica,0.0,0.0
ratio_Trehalose_div_Manganese,0.0,0.0
ratio_Trehalose_div_Calcium,0.0,0.0
ratio_Trehalose_div_Polyamines,0.0,0.0
ratio_Trehalose_div_Zinc,0.0,0.0
ratio_Trehalose_PEG_div_Proline,0.0,0.0
ratio_Trehalose_div_Proline,0.0,0.0
ratio_Trehalose_div_Proline_PEG,0.0,0.0
ratio_Trehalose_div_Nitrogen,0.0,0.0
ratio_Trehalose_div_Nitrogen_PEG,0.0,0.0
ratio_Trehalose_div_Potassium,0.0,0.0
ratio_ACC_PEG_div_Potassium_PEG,0.0,0.0
ratio_ACC_PEG_div_Glycine_Betaine,0.0,0.0
ratio_ACC_PEG_div_Silica,0.0,0.0
ratio_ACC_PEG_div_Manganese,0.0,0.0
ratio_ACC_PEG_div_Calcium,0.0,0.0
ratio_ACC_PEG_div_Polyamines,0.0,0.0
ratio_ACC_PEG_div_Zinc,0.0,0.0
ratio_Trehalose_div_Trehalose_PEG,0.0,0.0
ratio_Proline_PEG_div_Phosphate,0.0,0.0
ratio_Proline_PEG_div_Potassium,0.0,0.0
ratio_Proline_PEG_div_Potassium_PEG,0.0,0.0
ratio_Proline_PEG_div_Glycine_Betaine,0.0,0.0
ratio_Proline_PEG_div_Silica,0.0,0.0
ratio_Proline_PEG_div_Manganese,0.0,0.0
ratio_Proline_PEG_div_Calcium,0.0,0.0
ratio_Proline_PEG_div_Polyamines,0.0,0.0
ratio_Proline_div_Manganese,0.0,0.0
ratio_Proline_div_Calcium,0.0,0.0
ratio_Proline_div_Polyamines,0.0,0.0
ratio_Proline_div_Zinc,0.0,0.0
ratio_Proline_PEG_div_Antioxidants_PEG,0.0,0.0
ratio_Proline_PEG_div_Nitrogen,0.0,0.0
ratio_Proline_PEG_div_Nitrogen_PEG,0.0,0.0
ratio_Proline_div_Nitrogen,0.0,0.0
ratio_Proline_div_Nitrogen_PEG,0.0,0.0
ratio_Proline_div_Potassium,0.0,0.0
ratio_Proline_div_Potassium_PEG,0.0,0.0
ratio_Proline_div_Glycine_Betaine,0.0,0.0
ratio_Proline_div_Silica,0.0,0.0
ratio_Trehalose_PEG_div_Glycine_Betaine,0.0,0.0
ratio_Trehalose_PEG_div_Silica,0.0,0.0
ratio_Trehalose_PEG_div_Manganese,0.0,0.0
ratio_Trehalose_PEG_div_Calcium,0.0,0.0
ratio_Trehalose_PEG_div_Polyamines,0.0,0.0
ratio_Trehalose_PEG_div_Zinc,0.0,0.0
ratio_Proline_div_Proline_PEG,0.0,0.0
ratio_Nitrogen_div_Nitrogen_PEG,0.0,0.0
ratio_Nitrogen_div_Phosphate,0.0,0.0
ratio_Nitrogen_div_Potassium,0.0,0.0
ratio_Nitrogen_div_Potassium_PEG,0.0,0.0
ratio_Nitrogen_div_Glycine_Betaine,0.0,0.0
ratio_Nitrogen_div_Silica,0.0,0.0
ratio_Nitrogen_div_Manganese,0.0,0.0
ratio_Nitrogen_div_Calcium,0.0,0.0
ratio_Antioxidants_PEG_div_Potassium,0.0,0.0
ratio_Antioxidants_PEG_div_Potassium_PEG,0.0,0.0
ratio_Antioxidants_PEG_div_Silica,0.0,0.0
ratio_Antioxidants_PEG_div_Manganese,0.0,0.0
ratio_Antioxidants_PEG_div_Calcium,0.0,0.0
ratio_Antioxidants_PEG_div_Zinc,0.0,0.0
ratio_Antioxidants_div_Silica,0.0,0.0
ratio_Antioxidants_div_Manganese,0.0,0.0
ratio_Antioxidants_div_Calcium,0.0,0.0
ratio_Calcium_div_Zinc,0.0,0.0
ratio_Polyamines_div_Zinc,0.0,0.0
ratio_Glycine_Betaine_div_Manganese,0.0,0.0
ratio_Glycine_Betaine_div_Calcium,0.0,0.0
ratio_Glycine_Betaine_div_Zinc,0.0,0.0
ratio_Silica_div_Manganese,0.0,0.0
Proline_PEG,0.0,0.0
ratio_Biofilm_PEG_div_Silica,0.0,0.0
ratio_Biofilm_PEG_div_Manganese,0.0,0.0
ratio_Biofilm_PEG_div_Calcium,0.0,0.0
ratio_Biofilm_PEG_div_Polyamines,0.0,0.0
ratio_Biofilm_PEG_div_Zinc,0.0,0.0
ratio_Auxins_div_Auxins_PEG,0.0,0.0
ratio_Auxins_div_ACC,0.0,0.0
ratio_Auxins_div_ACC_PEG,0.0,0.0
ratio_Biofilm_PEG_div_Antioxidants_PEG,0.0,0.0
ratio_Biofilm_PEG_div_Nitrogen,0.0,0.0
ratio_Biofilm_PEG_div_Nitrogen_PEG,0.0,0.0
ratio_Biofilm_PEG_div_Potassium,0.0,0.0
ratio_Biofilm_PEG_div_Potassium_PEG,0.0,0.0
ratio_Biofilm_PEG_div_Glycine_Betaine,0.0,0.0
ratio_Biofilm_PEG_div_Auxins,0.0,0.0
ratio_Biofilm_PEG_div_ACC,0.0,0.0
ratio_Antioxidants_div_Polyamines,0.0,0.0
ratio_Antioxidants_div_Zinc,0.0,0.0
ratio_Antioxidants_PEG_div_Nitrogen,0.0,0.0
ratio_Antioxidants_PEG_div_Nitrogen_PEG,0.0,0.0
ratio_Proline_PEG_div_Zinc,0.0,0.0
ratio_Antioxidants_div_Nitrogen,0.0,0.0
ratio_Antioxidants_div_Nitrogen_PEG,0.0,0.0
ratio_Antioxidants_div_Phosphate,0.0,0.0
ratio_Antioxidants_div_Potassium,0.0,0.0
ratio_Antioxidants_div_Potassium_PEG,0.0,0.0
ratio_Antioxidants_div_Glycine_Betaine,0.0,0.0
ratio_Biofilm_div_Trehalose_PEG,0.0,0.0
ratio_Biofilm_div_Proline,0.0,0.0
ratio_Biofilm_div_Proline_PEG,0.0,0.0
ratio_Biofilm_div_Antioxidants_PEG,0.0,0.0
ratio_Biofilm_div_Nitrogen,0.0,0.0
ratio_Biofilm_div_Nitrogen_PEG,0.0,0.0
Proline,0.0,0.0
StressRatio_Potassium,0.0,0.0
ratio_Biofilm_div_Biofilm_PEG,0.0,0.0
ratio_Biofilm_div_ACC,0.0,0.0
ratio_Biofilm_div_ACC_PEG,0.0,0.0
ratio_Biofilm_div_Trehalose,0.0,0.0
Polyamines,0.0,0.0
Zinc,0.0,0.0
StressRatio_Biofilm,0.0,0.0
ratio_Phosphate_div_Potassium,0.0,0.0
ratio_Phosphate_div_Potassium_PEG,0.0,0.0
ratio_Phosphate_div_Glycine_Betaine,0.0,0.0
ratio_Phosphate_div_Silica,0.0,0.0
ratio_Phosphate_div_Manganese,0.0,0.0
ratio_Nitrogen_div_Polyamines,0.0,0.0
ratio_Nitrogen_div_Zinc,0.0,0.0
ratio_Nitrogen_PEG_div_Phosphate,0.0,0.0
ratio_Nitrogen_PEG_div_Potassium,0.0,0.0
ratio_Nitrogen_PEG_div_Potassium_PEG,0.0,0.0
ratio_Nitrogen_PEG_div_Glycine_Betaine,0.0,0.0
ratio_Nitrogen_PEG_div_Silica,0.0,0.0
ratio_Nitrogen_PEG_div_Manganese,0.0,0.0
