Feature,Global_SHAP,Mean_SHAP_signed,Direction
ratio_Manganese_div_Zinc,0.36185502448078527,0.019758744254844262,Positive
ratio_Glycine_Betaine_div_Polyamines,0.2844690068424339,0.014922957226715482,Positive
ratio_Calcium_div_Polyamines,0.25938271903160637,0.004774087172990912,Positive
trip_Antioxidants_x_Calcium_div_Zinc,0.19425033415561402,-0.010198649146225054,Negative
ratio_Manganese_div_Calcium,0.19383339398835314,-0.004178065923609404,Negative
ratio_Silica_div_Polyamines,0.1884426467457865,0.009956382958551044,Positive
ratio_Manganese_div_Polyamines,0.1878159814491373,-0.002187732522562676,Negative
ratio_Silica_div_Calcium,0.11187610259608124,0.008605855407131383,Positive
trip_Glycine_Betaine_x_Manganese_div_Calcium,0.06009493145678987,9.932539380592852e-06,Positive
ratio_Glycine_Betaine_div_Silica,0.05516847444652153,-0.0016877514283147894,Negative
trip_ACC_x_Manganese_div_Polyamines,0.0006790916755892691,-4.965168572651569e-05,Negative
ratio_Biofilm_div_Antioxidants,3.772432176820082e-09,4.45248755866144e-10,Positive
ratio_Biofilm_PEG_div_Antioxidants,1.413269968654751e-09,1.8789685553714562e-10,Positive
ratio_ACC_PEG_div_Antioxidants,1.2935406357522975e-09,1.54008715858961e-10,Positive
trip_Biofilm_PEG_div_Trehalose_x_Antioxidants,1.1114128354460382e-09,1.8957203590774347e-10,Positive
ratio_ACC_div_Antioxidants,4.953023860891116e-10,6.208566132958386e-11,Positive
ratio_Trehalose_PEG_div_Antioxidants,2.2704434708010118e-10,2.4601481882919755e-11,Positive
ratio_Proline_PEG_div_Antioxidants,2.1560713134801013e-10,1.903898085830015e-11,Positive
ratio_Trehalose_div_Antioxidants,1.935066640259658e-10,2.389122724084923e-11,Positive
trip_Proline_PEG_x_Phosphate_div_Polyamines,1.4156125446945812e-10,-7.67688981982451e-12,Negative
trip_ACC_PEG_div_Proline_PEG_x_Antioxidants_PEG,1.363163226800086e-10,-5.327449286629981e-12,Negative
trip_ACC_PEG_div_Antioxidants_PEG_x_Potassium_PEG,1.2713017100020675e-10,-1.4251138025852015e-11,Negative
ratio_ACC_PEG_div_Antioxidants_PEG,1.0798970144407104e-10,-1.5438657756000646e-11,Negative
ratio_Trehalose_PEG_div_Antioxidants_PEG,9.685109920684577e-11,-1.694512675130229e-11,Negative
trip_Biofilm_PEG_x_ACC_PEG_div_Phosphate,6.896214723991546e-11,1.2130643973011755e-11,Positive
ratio_Proline_div_Antioxidants,6.70488847732693e-11,8.879574183837184e-12,Positive
ratio_Trehalose_div_Antioxidants_PEG,5.1237335408755147e-11,-7.202489366630552e-12,Negative
ratio_ACC_div_Antioxidants_PEG,5.007802956477368e-11,-6.1546765522542814e-12,Negative
ratio_Auxins_div_Antioxidants,4.869068551141583e-11,4.649385144627231e-12,Positive
trip_Biofilm_PEG_div_Auxins_x_Phosphate,4.429180854503514e-11,8.399042517026503e-12,Positive
trip_Biofilm_PEG_x_Trehalose_PEG_div_Phosphate,4.324073921776987e-11,6.082117696862888e-12,Positive
ratio_Auxins_div_Antioxidants_PEG,4.25888615295417e-11,-5.314486753182809e-12,Negative
ratio_Biofilm_div_Auxins_PEG,3.7591713802950376e-11,7.369458983486312e-12,Positive
trip_Proline_x_Antioxidants_PEG_div_Phosphate,3.3023551908091744e-11,9.591802812449102e-13,Positive
StressRatio_Antioxidants,3.1773109497530936e-11,4.111003753204582e-12,Positive
ratio_Auxins_PEG_div_Antioxidants_PEG,2.4684241307135032e-11,-2.820988275251754e-12,Negative
ratio_Proline_div_Phosphate,2.4371314330646294e-11,-6.130703079974916e-13,Negative
ratio_Phosphate_div_Polyamines,2.4131070249593897e-11,-1.1243206590125524e-12,Negative
ratio_Antioxidants_div_Antioxidants_PEG,2.169647462877837e-11,-4.954650833999937e-12,Negative
ratio_Biofilm_PEG_div_Phosphate,1.839399354892635e-11,3.2700127399501454e-12,Positive
ratio_Auxins_PEG_div_Antioxidants,1.4552729636175962e-11,7.351230697547335e-13,Positive
ratio_Antioxidants_PEG_div_Phosphate,1.3561832854344512e-11,2.316690538098219e-12,Positive
ratio_Proline_div_Antioxidants_PEG,1.354140583207835e-11,-2.4985928163187958e-12,Negative
trip_Proline_PEG_x_Phosphate_div_Silica,1.2085583086395325e-11,8.735159036754614e-14,Positive
ratio_Auxins_PEG_div_Nitrogen,1.1783325061186043e-11,-7.047408790506861e-13,Negative
trip_Biofilm_PEG_x_Antioxidants_div_Manganese,6.55562632984817e-12,-5.394126889835926e-13,Negative
StressRatio_Proline,6.521470803302326e-12,4.419572967766542e-13,Positive
ratio_Biofilm_div_Auxins,6.078835733041643e-12,-1.881278759563203e-13,Negative
ratio_Antioxidants_PEG_div_Polyamines,5.023374920931356e-12,-8.082204740498349e-13,Negative
trip_Biofilm_x_Auxins_div_Phosphate,4.587865888727871e-12,-9.81293610595415e-13,Negative
ratio_Auxins_PEG_div_ACC_PEG,4.2115271473736275e-12,-9.101692208799454e-14,Negative
trip_Biofilm_PEG_x_Antioxidants_div_Calcium,4.063612752536589e-12,-1.7171364144869124e-13,Negative
StressRatio_Nitrogen,3.950310538087349e-12,2.0015826858744133e-13,Positive
ratio_Biofilm_PEG_div_Auxins_PEG,3.3066303833881892e-12,1.0679296916310481e-12,Positive
ratio_Auxins_div_ACC,3.1079760655227736e-12,1.661425522189683e-13,Positive
ratio_ACC_PEG_div_Trehalose,2.6442184693552655e-12,3.512017424099384e-14,Positive
ratio_Proline_div_Proline_PEG,2.490948738640589e-12,1.2173584079154396e-14,Positive
ratio_Auxins_div_Proline_PEG,2.392186896091948e-12,-1.226840854640464e-13,Negative
ratio_ACC_PEG_div_Phosphate,2.3227254402150725e-12,1.6686598439854438e-13,Positive
ratio_Nitrogen_PEG_div_Zinc,2.321071523171032e-12,1.5957249975756043e-13,Positive
ratio_Auxins_div_ACC_PEG,2.2758083830048696e-12,-4.22922934854397e-14,Negative
ratio_Trehalose_div_Potassium,2.123891617750605e-12,-3.05355378922845e-14,Negative
trip_Biofilm_PEG_x_Antioxidants_div_Zinc,1.8247170490225236e-12,-1.6018487724979037e-13,Negative
ratio_Antioxidants_PEG_div_Silica,1.7464015008783488e-12,3.283753328296064e-14,Positive
ratio_Trehalose_div_Zinc,1.7449962465661968e-12,-3.5098000449456683e-15,Negative
ratio_Antioxidants_PEG_div_Glycine_Betaine,1.7087303715473458e-12,-2.15734490884777e-13,Negative
ratio_Auxins_div_Zinc,1.6211249033051638e-12,-8.141772465796501e-14,Negative
ratio_Auxins_PEG_div_ACC,1.5801126522328892e-12,7.855928607050947e-14,Positive
ratio_Auxins_div_Trehalose,1.5440327378313074e-12,-2.0502013942373627e-13,Negative
StressRatio_ACC,1.5380791514393984e-12,1.093134930889327e-13,Positive
ratio_Auxins_div_Potassium_PEG,1.4562730715209924e-12,-9.920199861568444e-14,Negative
Auxins,1.4482164792526222e-12,-5.478581155993185e-14,Negative
Trehalose,1.4319351095958931e-12,-5.5181831301944946e-14,Negative
ratio_Auxins_PEG_div_Trehalose,1.4123464238214188e-12,-2.852046761808249e-13,Negative
ratio_Trehalose_div_Phosphate,1.408476941413981e-12,1.9678826972016005e-13,Positive
StressRatio_Trehalose,1.2690763539182463e-12,-3.1101135930090956e-14,Negative
ratio_Trehalose_div_Proline,1.2559326384762486e-12,4.235586163291956e-14,Positive
ratio_Biofilm_div_Biofilm_PEG,1.2441700867490204e-12,1.9170223122612877e-13,Positive
ratio_Auxins_PEG_div_Potassium_PEG,1.1962659524940525e-12,-6.391826275191257e-14,Negative
ratio_Biofilm_div_Phosphate,1.1925778998923681e-12,2.1507938854303e-13,Positive
ratio_ACC_div_Nitrogen,1.1514171876895091e-12,2.9898466054244445e-14,Positive
ratio_ACC_div_Trehalose,1.1124473694705166e-12,-1.448802197614835e-14,Negative
ratio_Auxins_PEG_div_Zinc,1.0700728364678035e-12,-1.518579778398441e-14,Negative
ratio_Trehalose_div_Nitrogen_PEG,9.820269147637312e-13,-2.4714599167945898e-14,Negative
ratio_Auxins_div_Nitrogen_PEG,8.545501661311039e-13,-2.3158205716326518e-14,Negative
ratio_Trehalose_div_Trehalose_PEG,7.940582192829407e-13,-2.5292066526373295e-14,Negative
Auxins_PEG,7.619396338699544e-13,-1.6437205308638383e-15,Negative
ratio_Auxins_div_Trehalose_PEG,7.113367880745509e-13,-3.153593724944794e-14,Negative
ratio_Phosphate_div_Manganese,6.955507232850828e-13,-4.4395251157855676e-14,Negative
ratio_Biofilm_PEG_div_ACC,6.663640938268652e-13,4.8961897334430197e-14,Positive
ratio_Biofilm_PEG_div_Antioxidants_PEG,6.317413356867688e-13,3.217937699241424e-14,Positive
ratio_Antioxidants_div_Potassium_PEG,6.149772690454614e-13,-1.8014881796291074e-14,Negative
ratio_Auxins_div_Proline,5.979113787940625e-13,1.8951235952444428e-14,Positive
ratio_Auxins_PEG_div_Proline,5.973277681429237e-13,2.3222402649244826e-14,Positive
ratio_Trehalose_PEG_div_Phosphate,5.793184910321635e-13,2.0408940570207358e-14,Positive
ratio_Antioxidants_div_Nitrogen,5.66377621189275e-13,-2.4226801298189993e-14,Negative
ratio_Proline_div_Glycine_Betaine,5.641979541707481e-13,-3.377393944237552e-14,Negative
ratio_Auxins_div_Potassium,5.268965450544791e-13,-1.439059455061657e-14,Negative
ratio_Auxins_PEG_div_Nitrogen_PEG,5.219615150792789e-13,1.5638889065680323e-15,Positive
ratio_Proline_div_Nitrogen,5.067598925669937e-13,-2.6444419431954905e-14,Negative
ratio_Phosphate_div_Zinc,4.946656015540362e-13,-2.7746276826804752e-14,Negative
ratio_ACC_div_Proline_PEG,4.800961513612467e-13,-1.918589106947514e-14,Negative
ratio_Antioxidants_div_Calcium,4.722618403068399e-13,-2.6693122843929844e-14,Negative
ratio_Biofilm_PEG_div_Potassium_PEG,4.648712716499438e-13,8.109247677975248e-14,Positive
ratio_Biofilm_PEG_div_ACC_PEG,4.613384966504733e-13,-8.24719579312629e-16,Negative
ratio_Auxins_div_Auxins_PEG,4.485113792041194e-13,-1.375236424497433e-13,Negative
ratio_Auxins_PEG_div_Trehalose_PEG,4.274032657972655e-13,1.0383563983834277e-14,Positive
ratio_Proline_div_Silica,4.2552797426891426e-13,1.1484086179531489e-14,Positive
ratio_Trehalose_PEG_div_Proline_PEG,3.9968749324705087e-13,-3.855379162916117e-14,Negative
ratio_Biofilm_div_Proline_PEG,3.5782447555615895e-13,-2.2696222017529183e-14,Negative
ratio_Phosphate_div_Silica,3.5243114844647373e-13,-1.7159529967431353e-14,Negative
StressRatio_Biofilm,3.079005554330864e-13,-1.4965827951291877e-14,Negative
ratio_Proline_PEG_div_Calcium,3.066853599016876e-13,-1.671639463917309e-14,Negative
ratio_Antioxidants_div_Silica,2.6426090271193405e-13,-1.7284030921518743e-14,Negative
ratio_Phosphate_div_Glycine_Betaine,2.5747324913214054e-13,-1.6981203142328192e-14,Negative
ratio_Proline_PEG_div_Silica,2.395267767187871e-13,-2.0022829454758118e-14,Negative
ratio_Antioxidants_div_Manganese,2.394962842710744e-13,-1.8304291097845677e-14,Negative
Phosphate,2.263244200347544e-13,-1.7296356684975156e-14,Negative
ratio_Antioxidants_div_Nitrogen_PEG,2.2400230952995543e-13,-2.1169280793981796e-14,Negative
Antioxidants,2.2240278061229098e-13,-1.926509295210365e-14,Negative
ratio_Auxins_PEG_div_Manganese,2.0809135351044281e-13,-4.341683361897785e-15,Negative
ratio_Trehalose_div_Potassium_PEG,2.037333330215869e-13,-1.961069616881964e-14,Negative
ratio_Antioxidants_div_Potassium,2.0130242665821187e-13,-1.5566151513087687e-14,Negative
ratio_Nitrogen_div_Phosphate,1.986259127713774e-13,5.927033711178698e-15,Positive
ratio_Trehalose_div_Nitrogen,1.9197728555917183e-13,-5.864253215010073e-15,Negative
ratio_Trehalose_div_Polyamines,1.9130167787298465e-13,3.6237557543997056e-15,Positive
ratio_Potassium_PEG_div_Zinc,1.8632839370112521e-13,1.372304851701398e-14,Positive
ratio_Phosphate_div_Calcium,1.7771384629440429e-13,-2.0727178481780097e-14,Negative
ratio_Trehalose_div_Manganese,1.750431940722238e-13,3.3456112479381043e-15,Positive
ratio_Phosphate_div_Potassium_PEG,1.744030461177039e-13,-8.782831132497087e-15,Negative
ratio_Auxins_div_Phosphate,1.7061694955966003e-13,-1.837530727417684e-14,Negative
ratio_Antioxidants_div_Polyamines,1.6370821950534196e-13,-1.6858136837424276e-14,Negative
ratio_Phosphate_div_Potassium,1.5462952102757852e-13,-1.1544738473554406e-14,Negative
ratio_Auxins_div_Manganese,1.5046208974099547e-13,-8.326396449891549e-15,Negative
ratio_Biofilm_PEG_div_Proline,1.3202461980867137e-13,-7.712272291059029e-15,Negative
ratio_Proline_PEG_div_Antioxidants_PEG,1.1627274765365101e-13,3.5477410788960015e-14,Positive
ratio_Proline_div_Polyamines,1.0267825829613958e-13,7.632417038251626e-15,Positive
ratio_ACC_PEG_div_Proline_PEG,7.381751826670809e-14,-4.193255547290635e-15,Negative
ratio_Auxins_PEG_div_Potassium,6.870130315854952e-14,2.127155168181628e-15,Positive
ratio_Biofilm_div_ACC_PEG,5.3462931399593354e-14,3.2043131001610973e-15,Positive
ratio_Antioxidants_div_Glycine_Betaine,4.609759366609898e-14,-3.0532748796270596e-15,Negative
ratio_Antioxidants_PEG_div_Manganese,3.269306667364216e-14,-3.3127850285682057e-15,Negative
ratio_Potassium_div_Calcium,0.0,0.0,Positive
ratio_Potassium_div_Silica,0.0,0.0,Positive
ratio_Potassium_div_Glycine_Betaine,0.0,0.0,Positive
ratio_Potassium_div_Potassium_PEG,0.0,0.0,Positive
ratio_Potassium_div_Manganese,0.0,0.0,Positive
ratio_Potassium_PEG_div_Calcium,0.0,0.0,Positive
ratio_Potassium_PEG_div_Polyamines,0.0,0.0,Positive
ratio_Potassium_PEG_div_Glycine_Betaine,0.0,0.0,Positive
ratio_Potassium_div_Zinc,0.0,0.0,Positive
ratio_Potassium_div_Polyamines,0.0,0.0,Positive
ratio_Potassium_PEG_div_Silica,0.0,0.0,Positive
Antioxidants_PEG,0.0,0.0,Positive
ratio_Potassium_PEG_div_Manganese,0.0,0.0,Positive
Proline,0.0,0.0,Positive
Proline_PEG,0.0,0.0,Positive
ratio_Biofilm_div_Nitrogen_PEG,0.0,0.0,Positive
ratio_Biofilm_div_Nitrogen,0.0,0.0,Positive
ratio_Biofilm_div_Antioxidants_PEG,0.0,0.0,Positive
ratio_Biofilm_div_Proline,0.0,0.0,Positive
ratio_Silica_div_Manganese,0.0,0.0,Positive
ratio_Biofilm_div_Trehalose,0.0,0.0,Positive
ratio_Biofilm_div_ACC,0.0,0.0,Positive
StressRatio_Potassium,0.0,0.0,Positive
StressRatio_Auxins,0.0,0.0,Positive
ratio_Glycine_Betaine_div_Calcium,0.0,0.0,Positive
ratio_Biofilm_div_Trehalose_PEG,0.0,0.0,Positive
ratio_Glycine_Betaine_div_Zinc,0.0,0.0,Positive
ratio_Nitrogen_PEG_div_Calcium,0.0,0.0,Positive
Trehalose_PEG,0.0,0.0,Positive
ACC_PEG,0.0,0.0,Positive
ACC,0.0,0.0,Positive
ratio_Trehalose_div_Calcium,0.0,0.0,Positive
ratio_Trehalose_div_Silica,0.0,0.0,Positive
ratio_Trehalose_PEG_div_Potassium_PEG,0.0,0.0,Positive
ratio_Trehalose_div_Glycine_Betaine,0.0,0.0,Positive
ratio_Trehalose_PEG_div_Potassium,0.0,0.0,Positive
ratio_ACC_div_Trehalose_PEG,0.0,0.0,Positive
ratio_Trehalose_PEG_div_Nitrogen,0.0,0.0,Positive
ratio_Trehalose_PEG_div_Nitrogen_PEG,0.0,0.0,Positive
ratio_ACC_div_ACC_PEG,0.0,0.0,Positive
ratio_Auxins_PEG_div_Polyamines,0.0,0.0,Positive
ratio_ACC_div_Proline,0.0,0.0,Positive
ratio_ACC_PEG_div_Trehalose_PEG,0.0,0.0,Positive
ratio_ACC_div_Phosphate,0.0,0.0,Positive
ratio_ACC_div_Potassium,0.0,0.0,Positive
ratio_ACC_div_Potassium_PEG,0.0,0.0,Positive
ratio_Auxins_PEG_div_Calcium,0.0,0.0,Positive
ratio_ACC_div_Silica,0.0,0.0,Positive
ratio_ACC_div_Glycine_Betaine,0.0,0.0,Positive
ratio_ACC_div_Calcium,0.0,0.0,Positive
ratio_ACC_div_Manganese,0.0,0.0,Positive
ratio_ACC_PEG_div_Potassium,0.0,0.0,Positive
ratio_ACC_div_Nitrogen_PEG,0.0,0.0,Positive
ratio_ACC_div_Polyamines,0.0,0.0,Positive
ratio_ACC_div_Zinc,0.0,0.0,Positive
ratio_ACC_PEG_div_Nitrogen_PEG,0.0,0.0,Positive
Zinc,0.0,0.0,Positive
Polyamines,0.0,0.0,Positive
ratio_Auxins_div_Polyamines,0.0,0.0,Positive
ratio_Auxins_div_Calcium,0.0,0.0,Positive
ratio_Auxins_div_Nitrogen,0.0,0.0,Positive
ratio_ACC_PEG_div_Proline,0.0,0.0,Positive
ratio_ACC_PEG_div_Nitrogen,0.0,0.0,Positive
ratio_Nitrogen_PEG_div_Polyamines,0.0,0.0,Positive
ratio_Glycine_Betaine_div_Manganese,0.0,0.0,Positive
ratio_Polyamines_div_Zinc,0.0,0.0,Positive
ratio_ACC_PEG_div_Calcium,0.0,0.0,Positive
ratio_ACC_PEG_div_Glycine_Betaine,0.0,0.0,Positive
ratio_ACC_PEG_div_Potassium_PEG,0.0,0.0,Positive
ratio_ACC_PEG_div_Manganese,0.0,0.0,Positive
ratio_ACC_PEG_div_Silica,0.0,0.0,Positive
ratio_Proline_PEG_div_Manganese,0.0,0.0,Positive
ratio_Proline_PEG_div_Glycine_Betaine,0.0,0.0,Positive
ratio_Proline_div_Manganese,0.0,0.0,Positive
ratio_Proline_PEG_div_Polyamines,0.0,0.0,Positive
ratio_Proline_PEG_div_Potassium_PEG,0.0,0.0,Positive
ratio_Proline_PEG_div_Potassium,0.0,0.0,Positive
ratio_Auxins_div_Silica,0.0,0.0,Positive
ratio_Auxins_div_Glycine_Betaine,0.0,0.0,Positive
ratio_ACC_PEG_div_Polyamines,0.0,0.0,Positive
ratio_Biofilm_div_Zinc,0.0,0.0,Positive
ratio_Biofilm_div_Calcium,0.0,0.0,Positive
ratio_Biofilm_div_Polyamines,0.0,0.0,Positive
ratio_Biofilm_div_Manganese,0.0,0.0,Positive
ratio_Auxins_PEG_div_Glycine_Betaine,0.0,0.0,Positive
ratio_Auxins_PEG_div_Proline_PEG,0.0,0.0,Positive
ratio_Auxins_PEG_div_Silica,0.0,0.0,Positive
ratio_Auxins_PEG_div_Phosphate,0.0,0.0,Positive
ratio_Biofilm_div_Glycine_Betaine,0.0,0.0,Positive
ratio_Biofilm_div_Silica,0.0,0.0,Positive
ratio_Biofilm_div_Potassium_PEG,0.0,0.0,Positive
ratio_Biofilm_PEG_div_Proline_PEG,0.0,0.0,Positive
ratio_Biofilm_div_Potassium,0.0,0.0,Positive
ratio_Trehalose_div_Proline_PEG,0.0,0.0,Positive
ratio_Trehalose_PEG_div_Proline,0.0,0.0,Positive
ratio_Nitrogen_div_Potassium_PEG,0.0,0.0,Positive
ratio_Nitrogen_div_Potassium,0.0,0.0,Positive
ratio_Nitrogen_div_Nitrogen_PEG,0.0,0.0,Positive
ratio_Trehalose_PEG_div_Zinc,0.0,0.0,Positive
ratio_Trehalose_PEG_div_Calcium,0.0,0.0,Positive
ratio_Trehalose_PEG_div_Polyamines,0.0,0.0,Positive
ratio_Trehalose_PEG_div_Manganese,0.0,0.0,Positive
ratio_Trehalose_PEG_div_Silica,0.0,0.0,Positive
ratio_Proline_div_Nitrogen_PEG,0.0,0.0,Positive
ratio_Trehalose_PEG_div_Glycine_Betaine,0.0,0.0,Positive
ratio_Proline_div_Potassium,0.0,0.0,Positive
ratio_Proline_div_Potassium_PEG,0.0,0.0,Positive
ratio_Proline_div_Calcium,0.0,0.0,Positive
ratio_Proline_div_Zinc,0.0,0.0,Positive
ratio_Proline_PEG_div_Nitrogen,0.0,0.0,Positive
ratio_Proline_PEG_div_Nitrogen_PEG,0.0,0.0,Positive
ratio_Proline_PEG_div_Phosphate,0.0,0.0,Positive
ratio_ACC_PEG_div_Zinc,0.0,0.0,Positive
ratio_Antioxidants_PEG_div_Zinc,0.0,0.0,Positive
ratio_Antioxidants_div_Zinc,0.0,0.0,Positive
ratio_Nitrogen_PEG_div_Potassium,0.0,0.0,Positive
ratio_Nitrogen_PEG_div_Potassium_PEG,0.0,0.0,Positive
ratio_Nitrogen_div_Zinc,0.0,0.0,Positive
ratio_Nitrogen_div_Polyamines,0.0,0.0,Positive
ratio_Antioxidants_PEG_div_Nitrogen,0.0,0.0,Positive
ratio_Antioxidants_PEG_div_Calcium,0.0,0.0,Positive
ratio_Antioxidants_PEG_div_Potassium,0.0,0.0,Positive
ratio_Nitrogen_div_Calcium,0.0,0.0,Positive
ratio_Nitrogen_div_Silica,0.0,0.0,Positive
ratio_Antioxidants_PEG_div_Potassium_PEG,0.0,0.0,Positive
ratio_Nitrogen_div_Manganese,0.0,0.0,Positive
ratio_Nitrogen_div_Glycine_Betaine,0.0,0.0,Positive
ratio_Biofilm_PEG_div_Polyamines,0.0,0.0,Positive
ratio_Biofilm_PEG_div_Zinc,0.0,0.0,Positive
ratio_Biofilm_PEG_div_Manganese,0.0,0.0,Positive
ratio_Biofilm_PEG_div_Calcium,0.0,0.0,Positive
ratio_Biofilm_PEG_div_Silica,0.0,0.0,Positive
ratio_Nitrogen_PEG_div_Manganese,0.0,0.0,Positive
ratio_Nitrogen_PEG_div_Glycine_Betaine,0.0,0.0,Positive
ratio_Nitrogen_PEG_div_Silica,0.0,0.0,Positive
ratio_Nitrogen_PEG_div_Phosphate,0.0,0.0,Positive
ratio_Biofilm_PEG_div_Glycine_Betaine,0.0,0.0,Positive
ratio_Biofilm_PEG_div_Nitrogen_PEG,0.0,0.0,Positive
ratio_Biofilm_PEG_div_Trehalose,0.0,0.0,Positive
ratio_Proline_PEG_div_Zinc,0.0,0.0,Positive
ratio_Biofilm_PEG_div_Auxins,0.0,0.0,Positive
ratio_Biofilm_PEG_div_Potassium,0.0,0.0,Positive
ratio_Biofilm_PEG_div_Nitrogen,0.0,0.0,Positive
ratio_Antioxidants_div_Phosphate,0.0,0.0,Positive
ratio_Biofilm_PEG_div_Trehalose_PEG,0.0,0.0,Positive
ratio_Antioxidants_PEG_div_Nitrogen_PEG,0.0,0.0,Positive
trip_Auxins_div_Trehalose_x_Phosphate,0.0,0.0,Positive
ratio_Silica_div_Zinc,0.0,0.0,Positive
ratio_Calcium_div_Zinc,0.0,0.0,Positive
Biofilm_PEG,0.0,0.0,Positive
Nitrogen,0.0,0.0,Positive
Biofilm,0.0,0.0,Positive
Nitrogen_PEG,0.0,0.0,Positive
Potassium,0.0,0.0,Positive
Potassium_PEG,0.0,0.0,Positive
Glycine_Betaine,0.0,0.0,Positive
Silica,0.0,0.0,Positive
Manganese,0.0,0.0,Positive
Calcium,0.0,0.0,Positive
