threshold,f1_macro,recall_1,precision_1
0.25,0.5072398190045249,0.8775510204081632,0.5308641975308642
0.26,0.5072398190045249,0.8775510204081632,0.5308641975308642
0.27,0.5217391304347826,0.8775510204081632,0.5375
0.28,0.5217391304347826,0.8775510204081632,0.5375
0.29000000000000004,0.5217391304347826,0.8775510204081632,0.5375
0.30000000000000004,0.5359375,0.8775510204081632,0.5443037974683544
0.31000000000000005,0.5498502827991572,0.8775510204081632,0.5512820512820513
0.32000000000000006,0.5498502827991572,0.8775510204081632,0.5512820512820513
0.33000000000000007,0.5498502827991572,0.8775510204081632,0.5512820512820513
0.3400000000000001,0.5498502827991572,0.8775510204081632,0.5512820512820513
0.3500000000000001,0.5498502827991572,0.8775510204081632,0.5512820512820513
0.3600000000000001,0.5498502827991572,0.8775510204081632,0.5512820512820513
0.3700000000000001,0.5498502827991572,0.8775510204081632,0.5512820512820513
0.3800000000000001,0.5498502827991572,0.8775510204081632,0.5512820512820513
0.3900000000000001,0.5634920634920635,0.8775510204081632,0.5584415584415584
0.40000000000000013,0.5634920634920635,0.8775510204081632,0.5584415584415584
0.41000000000000014,0.5551780821917809,0.8571428571428571,0.5526315789473685
0.42000000000000015,0.5551780821917809,0.8571428571428571,0.5526315789473685
0.43000000000000016,0.5684394071490846,0.8571428571428571,0.56
0.44000000000000017,0.5814634146341464,0.8571428571428571,0.5675675675675675
0.4500000000000002,0.5942622950819672,0.8571428571428571,0.5753424657534246
0.4600000000000002,0.5855962219598583,0.8367346938775511,0.5694444444444444
0.4700000000000002,0.5855962219598583,0.8367346938775511,0.5694444444444444
0.4800000000000002,0.5855962219598583,0.8367346938775511,0.5694444444444444
0.4900000000000002,0.5682374215508988,0.7959183673469388,0.5571428571428572
0.5000000000000002,0.6019997938356871,0.7142857142857143,0.5833333333333334
0.5100000000000002,0.5949263502454992,0.5510204081632653,0.6
0.5200000000000002,0.593929450369155,0.5306122448979592,0.6046511627906976
0.5300000000000002,0.5980218636127017,0.46938775510204084,0.6388888888888888
0.5400000000000003,0.5864661654135339,0.4489795918367347,0.6285714285714286
0.5500000000000003,0.5628679562657696,0.40816326530612246,0.6060606060606061
0.5600000000000003,0.5628679562657696,0.40816326530612246,0.6060606060606061
0.5700000000000003,0.5628679562657696,0.40816326530612246,0.6060606060606061
0.5800000000000003,0.5716999050332383,0.40816326530612246,0.625
0.5900000000000003,0.5595338983050847,0.3877551020408163,0.6129032258064516
0.6000000000000003,0.5595338983050847,0.3877551020408163,0.6129032258064516
0.6100000000000003,0.5557692307692308,0.3673469387755102,0.6206896551724138
0.6200000000000003,0.5557692307692308,0.3673469387755102,0.6206896551724138
0.6300000000000003,0.5385365853658537,0.32653061224489793,0.6153846153846154
0.6400000000000003,0.5198412698412699,0.2857142857142857,0.6086956521739131
0.6500000000000004,0.5198412698412699,0.2857142857142857,0.6086956521739131
0.6600000000000004,0.5059332372185871,0.2653061224489796,0.5909090909090909
0.6700000000000004,0.5059332372185871,0.2653061224489796,0.5909090909090909
0.6800000000000004,0.5059332372185871,0.2653061224489796,0.5909090909090909
0.6900000000000004,0.49174107142857143,0.24489795918367346,0.5714285714285714
0.7000000000000004,0.49174107142857143,0.24489795918367346,0.5714285714285714
0.7100000000000004,0.48484162895927607,0.22448979591836735,0.5789473684210527
0.7200000000000004,0.4772727272727273,0.20408163265306123,0.5882352941176471
0.7300000000000004,0.46691396434127075,0.16326530612244897,0.6666666666666666
0.7400000000000004,0.46691396434127075,0.16326530612244897,0.6666666666666666
